﻿<?xml version="1.0" encoding="utf-8"?>
<ClassProfile Class="DeathKnight" Specialization="3" Name="Death Knight - Unholy">
	<TalentTree>
		<Talent Tier="1" Index="3" Name="Unholy Blight" />
		<Talent Tier="2" Index="1" Name="Lichborne" />
		<Talent Tier="3" Index="3" Name="Asphyxiate" />
		<Talent Tier="4" Index="1" Name="Death Pact" />
		<Talent Tier="5" Index="1" Name="Blood Tap" />
		<Talent Tier="6" Index="2" Name="Remorseless Winter" />
	</TalentTree>
	<WeightSet>
		<DamagePerSecond>22</DamagePerSecond>
		
		<Strength>20</Strength>
		<Stamina>5</Stamina>

		<Multistrike>16</Multistrike>
		<Mastery>15</Mastery>
		<CriticalStrike>13</CriticalStrike>
		<Versatility>12</Versatility>
		<Haste>11</Haste>
		<AttackPower>2.5</AttackPower>
		
		<Armor>0.01</Armor>
	</WeightSet>
</ClassProfile>