﻿<?xml version="1.0" encoding="utf-8"?>
<ClassProfile Class="Druid" Specialization="1" Name="Druid - Balance">
  <TalentTree>
    <Talent Tier="1" Index="1" Name="Feline Swiftness" />
    <Talent Tier="2" Index="1" Name="Ysera's Gift" />
    <Talent Tier="3" Index="3" Name="Typhoon" />
    <Talent Tier="4" Index="3" Name="Force of Nature" />
    <Talent Tier="5" Index="3" Name="Mighty Bash" />
    <Talent Tier="6" Index="3" Name="Nature's Vigil" />
  </TalentTree>
  <WeightSet>
    <Intellect>20</Intellect>
    <SpellPower>18</SpellPower>
    <Hit>16</Hit>
    <Spirit>16</Spirit>
    <Haste>14</Haste>
    <CriticalStrike>12</CriticalStrike>
    <Mastery>10</Mastery>
    <Armor>0.01</Armor>
    <DamagePerSecond>0.01</DamagePerSecond>
  </WeightSet>
</ClassProfile>