﻿<?xml version="1.0" encoding="utf-8"?>
<ClassProfile Class="Druid" Specialization="3" Name="Druid - Guardian">
  <TalentTree>
    <Talent Tier="1" Index="1" Name="Feline Swiftness" />
    <Talent Tier="2" Index="2" Name="Renewal" />
    <Talent Tier="3" Index="1" Name="Faerie Swarm" />
    <Talent Tier="4" Index="3" Name="Force of Nature" />
    <Talent Tier="5" Index="3" Name="Mighty Bash" />
    <Talent Tier="6" Index="1" Name="Heart of the Wild" />
  </TalentTree>
  <WeightSet>
    <DamagePerSecond>22</DamagePerSecond>
    <Stamina>21</Stamina>
    <Agility>20</Agility>
    <Hit>18</Hit>
    <Expertise>18</Expertise>
    <CriticalStrike>16</CriticalStrike>
    <Haste>14</Haste>
    <Mastery>12</Mastery>
    <Dodge>11</Dodge>
    <AttackPower>10</AttackPower>
    <Armor>0.01</Armor>
  </WeightSet>
</ClassProfile>