﻿<?xml version="1.0" encoding="utf-8"?>
<ClassProfile Class="Shaman" Specialization="2" Name="Shaman - Enhancement">
  <TalentTree>
    <Talent Tier="1" Index="3" Name="Astral Shift" />
    <Talent Tier="2" Index="3" Name="Windwalk Totem" />
    <Talent Tier="3" Index="1" Name="Call of the Elements" />
    <Talent Tier="4" Index="3" Name="Echo of the Elements" />
    <Talent Tier="5" Index="2" Name="Ancestral Guidance" />
    <Talent Tier="6" Index="1" Name="Unleashed Fury" />
  </TalentTree>
  <WeightSet>
    <DamagePerSecond>22</DamagePerSecond>
    <Agility>20</Agility>
    <Hit>18</Hit>
    <Expertise>18</Expertise>
    <Mastery>16</Mastery>
    <Haste>14</Haste>
    <CriticalStrike>12</CriticalStrike>
    <AttackPower>10</AttackPower>
    <Armor>0.01</Armor>
  </WeightSet>
</ClassProfile>