﻿<?xml version="1.0" encoding="utf-8"?>
<ClassProfile Class="Rogue" Specialization="2" Name="Rogue - Combat">
	<TalentTree>
		<Talent Tier="1" Index="3" Name="Shadow Focus" />
		<Talent Tier="2" Index="3" Name="Combat Readiness" />
		<Talent Tier="3" Index="2" Name="Leeching Poison" />
		<Talent Tier="4" Index="1" Name="Cloak and Dagger" />
		<Talent Tier="5" Index="3" Name="Dirty Tricks" />
		<Talent Tier="6" Index="3" Name="Anticipation" />
	</TalentTree>
	<WeightSet>
		<DamagePerSecond>22</DamagePerSecond>
		<Agility>20</Agility>
		<Hit>18</Hit>
		<Expertise>17</Expertise>
		<Haste>16</Haste>
		<Mastery>14</Mastery>
		<CriticalStrike>14</CriticalStrike>
		<AttackPower>12</AttackPower>
		<Stamina>5</Stamina>
		<Armor>0.01</Armor>
	</WeightSet>
</ClassProfile>