<HBProfile>
  <Name></Name>
  <MinDurability>0.4</MinDurability>
  <MinFreeBagSlots>1</MinFreeBagSlots>
  
  <MinLevel>1</MinLevel>
  <MaxLevel>91</MaxLevel>
  <Factions>99999</Factions>
  
  <MailGrey>False</MailGrey>
  <MailWhite>True</MailWhite>
  <MailGreen>True</MailGreen>
  <MailBlue>True</MailBlue>
  <MailPurple>True</MailPurple>
 
  <SellGrey>True</SellGrey>
  <SellWhite>True</SellWhite>
  <SellGreen>False</SellGreen>
  <SellBlue>False</SellBlue>
  <SellPurple>False</SellPurple>

	<Vendors>
		<Vendor Name="Rocky Cliffedge" Entry="44972" Type="Repair" X="666.938" Y="1779.79" Z="341.0001" />
	</Vendors>
	
	<Mailboxes>

	</Mailboxes>

	<Blackspots>
		<Blackspot X="1909.42" Y="-487.969" Z="175.547" Radius="5" Height="5" />
	</Blackspots>

  <Hotspots>
		<Hotspot X="1478.101" Y="984.1628" Z="-33.9376" />
		<Hotspot X="1436.806" Y="984.395" Z="-28.91294" />
		<Hotspot X="1382.931" Y="1003.722" Z="-23.68227" />
		<Hotspot X="1331.902" Y="1031.581" Z="-27.24479" />
		<Hotspot X="1288.831" Y="1071.014" Z="-36.73603" />
		<Hotspot X="1234.482" Y="1090.652" Z="-39.89327" />
		<Hotspot X="1185.754" Y="1089.27" Z="-36.21858" />
		<Hotspot X="1169.052" Y="1033.747" Z="-28.95919" />
		<Hotspot X="1132.513" Y="989.1016" Z="-29.69275" />
		<Hotspot X="1079.797" Y="994.0547" Z="-35.90286" />
		<Hotspot X="1037.739" Y="1033.879" Z="-31.52953" />
		<Hotspot X="1004.493" Y="1079.269" Z="-44.04525" />
		<Hotspot X="952.3481" Y="1091.969" Z="-50.90522" />
		<Hotspot X="896.4458" Y="1078.551" Z="-47.22331" />
		<Hotspot X="838.8705" Y="1072.815" Z="-44.64668" />
		<Hotspot X="802.7125" Y="1033.021" Z="-42.3089" />
		<Hotspot X="773.898" Y="984.1943" Z="-43.69678" />
		<Hotspot X="721.6412" Y="955.6301" Z="-47.3367" />
		<Hotspot X="671.2062" Y="927.2165" Z="-50.18156" />
		<Hotspot X="623.453" Y="892.2512" Z="-50.96136" />
		<Hotspot X="576.2684" Y="857.7687" Z="-44.54673" />
		<Hotspot X="540.1283" Y="814.092" Z="-37.13101" />
		<Hotspot X="513.8577" Y="761.2894" Z="-34.31342" />
		<Hotspot X="517.4208" Y="703.8752" Z="-37.98144" />
		<Hotspot X="527.4194" Y="646.3868" Z="-40.98859" />
		<Hotspot X="520.8185" Y="591.4655" Z="-42.60321" />
		<Hotspot X="499.2932" Y="536.6664" Z="-39.62458" />
		<Hotspot X="507.089" Y="478.5291" Z="-36.74672" />
		<Hotspot X="518.6303" Y="420.8384" Z="-34.69029" />
		<Hotspot X="531.5583" Y="364.8154" Z="-33.06969" />
		<Hotspot X="549.7939" Y="308.9127" Z="-31.0957" />
		<Hotspot X="569.3262" Y="252.937" Z="-29.74905" />
		<Hotspot X="595.8788" Y="204.5189" Z="-45.93069" />
		<Hotspot X="630.5485" Y="157.3408" Z="-55.51368" />
		<Hotspot X="660.8434" Y="109.5855" Z="-58.99196" />
		<Hotspot X="643.1824" Y="72.91515" Z="-20.92111" />
		<Hotspot X="624.3352" Y="34.25759" Z="8.323534" />
		<Hotspot X="579.6786" Y="-2.935762" Z="2.38055" />
		<Hotspot X="543.9777" Y="-48.99496" Z="5.750556" />
		<Hotspot X="517.1229" Y="-100.2675" Z="9.158751" />
		<Hotspot X="502.9279" Y="-156.7417" Z="9.845971" />
		<Hotspot X="525.8599" Y="-209.7961" Z="9.671144" />
		<Hotspot X="576.1027" Y="-237.315" Z="8.176161" />
		<Hotspot X="620.7446" Y="-276.3462" Z="6.195131" />
		<Hotspot X="674.0505" Y="-288.3939" Z="0.6240106" />
		<Hotspot X="728.5275" Y="-266.955" Z="-5.573088" />
		<Hotspot X="782.7863" Y="-244.128" Z="-5.834953" />
		<Hotspot X="833.1935" Y="-216.9955" Z="1.563312" />
		<Hotspot X="879.3795" Y="-183.1123" Z="10.06776" />
		<Hotspot X="926.4137" Y="-146.3803" Z="18.27357" />
		<Hotspot X="971.1199" Y="-111.0529" Z="20.43189" />
		<Hotspot X="1011.911" Y="-69.74345" Z="11.00222" />
		<Hotspot X="1056.184" Y="-33.85045" Z="-1.827238" />
		<Hotspot X="1111.705" Y="-35.76444" Z="-19.99286" />
		<Hotspot X="1165.904" Y="-43.39728" Z="-40.85893" />
		<Hotspot X="1223.508" Y="-45.9141" Z="-46.79911" />
		<Hotspot X="1282.195" Y="-39.24401" Z="-51.59682" />
		<Hotspot X="1339.398" Y="-26.16236" Z="-56.24138" />
		<Hotspot X="1394.757" Y="-6.169481" Z="-60.44054" />
		<Hotspot X="1433.352" Y="37.66411" Z="-55.50343" />
		<Hotspot X="1465.269" Y="86.5131" Z="-47.71852" />
		<Hotspot X="1493.103" Y="136.1484" Z="-39.87243" />
		<Hotspot X="1517.2" Y="190.7136" Z="-31.71724" />
		<Hotspot X="1548.964" Y="239.0589" Z="-28.7207" />
		<Hotspot X="1584.602" Y="286.4626" Z="-29.16545" />
		<Hotspot X="1626.119" Y="327.0515" Z="-40.11085" />
		<Hotspot X="1655.235" Y="378.0776" Z="-43.13897" />
		<Hotspot X="1676.388" Y="432.953" Z="-44.88998" />
		<Hotspot X="1693.906" Y="489.4205" Z="-46.34622" />
		<Hotspot X="1687.87" Y="545.9413" Z="-43.60032" />
		<Hotspot X="1660.653" Y="597.5891" Z="-35.80094" />
		<Hotspot X="1633.341" Y="649.6778" Z="-27.92725" />
		<Hotspot X="1620.421" Y="705.3155" Z="-38.67945" />
		<Hotspot X="1609.064" Y="761.8154" Z="-50.63764" />
		<Hotspot X="1579.136" Y="811.8307" Z="-53.42186" />
		<Hotspot X="1541.129" Y="855.6166" Z="-54.16368" />
		<Hotspot X="1507.021" Y="902.666" Z="-54.25036" />
		<Hotspot X="1486.808" Y="957.397" Z="-55.53782" />
  </Hotspots>
</HBProfile>
