<!--
Created by Cisem
http://cisems.wordpress.com
-->

 <HBProfile>

   <Name>[N. Autoangler2] Fishing for Spinefish Alpha in Kun-Lai Summit by Cisem</Name>
   <MinLevel>1</MinLevel>
   <MaxLevel>999</MaxLevel>
   
   <MinDurability>0.3</MinDurability>
   <MinFreeBagSlots>1</MinFreeBagSlots>
   
   <MailGrey>False</MailGrey>
   <MailWhite>False</MailWhite>
   <MailGreen>False</MailGreen>
   <MailBlue>False</MailBlue>
   <MailPurple>False</MailPurple>
   
   <SellGrey>False</SellGrey>
   <SellWhite>False</SellWhite>
   <SellGreen>False</SellGreen>
   <SellBlue>False</SellBlue>
   <SellPurple>False</SellPurple>
   
   <Blackspots>
   </Blackspots>
   
   <Mailboxes>
   </Mailboxes>
   
   <Vendors>
   </Vendors>
   
   <FishingSchool Entry="212177" Name="Spinefish"/>

       <Hotspots>
			<Hotspot X="1904.533" Y="-194.4693" Z="395.4079" />
			<Hotspot X="1933.036" Y="-166.7529" Z="403.58" />
			<Hotspot X="1979.464" Y="-128.7868" Z="400.9418" />
			<Hotspot X="2032.784" Y="-106.5726" Z="398.8143" />
			<Hotspot X="2077.935" Y="-136.4316" Z="402.0789" />
			<Hotspot X="2093.446" Y="-188.0113" Z="406.2351" />
			<Hotspot X="2074.697" Y="-237.8473" Z="406.7227" />
			<Hotspot X="2025.067" Y="-266.7126" Z="400.4996" />
			<Hotspot X="2044.151" Y="-229.133" Z="399.5367" />
			<Hotspot X="2096.105" Y="-201.6663" Z="404.719" />
			<Hotspot X="2147.876" Y="-181.8808" Z="407.6797" />
			<Hotspot X="2200.406" Y="-183.3474" Z="373.2824" />
			<Hotspot X="2232.628" Y="-208.4803" Z="333.0567" />
			<Hotspot X="2248.619" Y="-263.5933" Z="315.0009" />
			<Hotspot X="2299.268" Y="-265.7226" Z="323.9736" />
			<Hotspot X="2351.005" Y="-232.7357" Z="319.5645" />
			<Hotspot X="2363.539" Y="-192.7357" Z="332.5912" />
			<Hotspot X="2321.701" Y="-160.997" Z="347.2029" />
			<Hotspot X="2277.644" Y="-130.4338" Z="356.5084" />
			<Hotspot X="2264.359" Y="-102.9608" Z="407.0621" />
			<Hotspot X="2262.111" Y="-98.27058" Z="468.0792" />
			<Hotspot X="2242.811" Y="-55.98016" Z="505.3724" />
			<Hotspot X="2217.07" Y="-3.092244" Z="493.2326" />
			<Hotspot X="2217.453" Y="56.67444" Z="488.2766" />
			<Hotspot X="2236.608" Y="109.712" Z="492.6222" />
			<Hotspot X="2257.421" Y="165.4706" Z="494.1695" />
			<Hotspot X="2285.761" Y="216.3037" Z="494.3624" />
			<Hotspot X="2331.973" Y="250.9297" Z="495.6065" />
			<Hotspot X="2352.986" Y="302.3752" Z="496.8442" />
			<Hotspot X="2345.276" Y="362.598" Z="493.1794" />
			<Hotspot X="2335.473" Y="423.1166" Z="488.3038" />
			<Hotspot X="2305.207" Y="473.2686" Z="487.2798" />
			<Hotspot X="2251.45" Y="499.5247" Z="491.6657" />
			<Hotspot X="2195.537" Y="528.0579" Z="488.9884" />
			<Hotspot X="2140.762" Y="555.7656" Z="489.8403" />
			<Hotspot X="2079.895" Y="558.2692" Z="485.9251" />
			<Hotspot X="2048.787" Y="505.1566" Z="485.6975" />
			<Hotspot X="2018.271" Y="452.573" Z="489.6613" />
			<Hotspot X="1977.133" Y="404.6151" Z="488.9543" />
			<Hotspot X="1933.683" Y="359.8857" Z="488.4332" />
			<Hotspot X="1888.051" Y="318.3687" Z="488.6049" />
			<Hotspot X="1844.173" Y="276.411" Z="488.5071" />
			<Hotspot X="1876.487" Y="234.3943" Z="484.2018" />
			<Hotspot X="1934.615" Y="214.977" Z="487.7768" />
			<Hotspot X="1965.718" Y="163.8198" Z="486.5945" />
			<Hotspot X="1967.005" Y="104.5329" Z="489.2038" />
			<Hotspot X="1999.671" Y="61.79859" Z="484.7402" />
			<Hotspot X="2015.945" Y="117.4519" Z="487.2967" />
			<Hotspot X="2023.494" Y="177.0867" Z="491.4536" />
			<Hotspot X="2041.752" Y="236.5675" Z="485.8637" />
			<Hotspot X="2085.416" Y="273.144" Z="488.5009" />
			<Hotspot X="2135.53" Y="292.5154" Z="502.5198" />
			<Hotspot X="2192.347" Y="293.6562" Z="503.1616" />
			<Hotspot X="2232.123" Y="301.7162" Z="502.0818" />
			<Hotspot X="2255.156" Y="266.9537" Z="496.8493" />
			<Hotspot X="2243.973" Y="204.9022" Z="493.1211" />
			<Hotspot X="2233.324" Y="142.6662" Z="490.3092" />
			<Hotspot X="2225.242" Y="80.07718" Z="488.0605" />
			<Hotspot X="2220.391" Y="17.0878" Z="486.2407" />
			<Hotspot X="2215.919" Y="-43.66579" Z="490.1919" />
			<Hotspot X="2218.926" Y="-90.79187" Z="453.0798" />
			<Hotspot X="2236.021" Y="-119.8612" Z="399.706" />
			<Hotspot X="2231.443" Y="-157.5124" Z="349.93" />
			<Hotspot X="2237.277" Y="-197.2773" Z="335.4841" />
			<Hotspot X="2273.878" Y="-238.4091" Z="329.2811" />
			<Hotspot X="2310.386" Y="-273.5671" Z="325.8162" />
			<Hotspot X="2271.222" Y="-316.0571" Z="321.7185" />
			<Hotspot X="2211.825" Y="-326.2669" Z="326.3063" />
			<Hotspot X="2182.143" Y="-325.1315" Z="376.6376" />
			<Hotspot X="2135.843" Y="-306.39" Z="407.1158" />
			<Hotspot X="2089.85" Y="-270.2233" Z="410.4319" />
			<Hotspot X="2096.369" Y="-209.7754" Z="408.5295" />
			<Hotspot X="2086.716" Y="-148.6736" Z="405.778" />
			<Hotspot X="2047.817" Y="-108.9983" Z="403.3216" />
			<Hotspot X="1994.519" Y="-131.2993" Z="404.5438" />
			<Hotspot X="1947.933" Y="-169.7688" Z="405.4873" />
			<Hotspot X="1922.767" Y="-208.1251" Z="407.7075" />
		</Hotspots>
</HBProfile>