<HBProfile>
  <Name></Name>
  <MinDurability>0.4</MinDurability>
  <MinFreeBagSlots>1</MinFreeBagSlots>
  
  <MinLevel>1</MinLevel>
  <MaxLevel>91</MaxLevel>
  <Factions>99999</Factions>
  
  <MailGrey>False</MailGrey>
  <MailWhite>True</MailWhite>
  <MailGreen>True</MailGreen>
  <MailBlue>True</MailBlue>
  <MailPurple>True</MailPurple>
 
  <SellGrey>True</SellGrey>
  <SellWhite>True</SellWhite>
  <SellGreen>False</SellGreen>
  <SellBlue>False</SellBlue>
  <SellPurple>False</SellPurple>

	<Vendors>

	</Vendors>
	
	<Mailboxes>

	</Mailboxes>

  <Hotspots>
    <Hotspot X="626.9665" Y="-4762.423" Z="292.7282" />
    <Hotspot X="625.5594" Y="-4806.604" Z="269.3616" />
    <Hotspot X="623.871" Y="-4859.623" Z="241.3217" />
    <Hotspot X="622.4641" Y="-4903.804" Z="217.9551" />
    <Hotspot X="621.057" Y="-4947.986" Z="194.5885" />
    <Hotspot X="619.65" Y="-4992.167" Z="171.222" />
    <Hotspot X="618.243" Y="-5036.349" Z="147.8554" />
    <Hotspot X="616.8359" Y="-5080.531" Z="124.4886" />
    <Hotspot X="615.429" Y="-5124.713" Z="101.1219" />
    <Hotspot X="614.0665" Y="-5167.493" Z="78.4964" />
    <Hotspot X="663.8285" Y="-5162.62" Z="78.4964" />
    <Hotspot X="713.5905" Y="-5157.747" Z="78.4964" />
    <Hotspot X="763.3524" Y="-5152.874" Z="78.4964" />
    <Hotspot X="813.1144" Y="-5148" Z="78.4964" />
    <Hotspot X="830.1416" Y="-5146.333" Z="78.4964" />
    <Hotspot X="880.1416" Y="-5146.333" Z="78.4964" />
    <Hotspot X="930.1416" Y="-5146.333" Z="78.4964" />
    <Hotspot X="980.1416" Y="-5146.333" Z="78.4964" />
    <Hotspot X="996.229" Y="-5146.333" Z="78.4964" />
    <Hotspot X="1012.159" Y="-5099.111" Z="82.5349" />
    <Hotspot X="1028.089" Y="-5051.889" Z="86.57342" />
    <Hotspot X="1045.931" Y="-4999.002" Z="91.0964" />
    <Hotspot X="996.0753" Y="-4996.433" Z="88.29448" />
    <Hotspot X="946.22" Y="-4993.863" Z="85.49256" />
    <Hotspot X="896.3647" Y="-4991.293" Z="82.69064" />
    <Hotspot X="889.8041" Y="-4990.955" Z="82.32193" />
    <Hotspot X="875.0721" Y="-4948.549" Z="83.60388" />
    <Hotspot X="860.3402" Y="-4906.142" Z="82.73878" />
    <Hotspot X="845.6082" Y="-4863.736" Z="81.8737" />
    <Hotspot X="839.8165" Y="-4847.064" Z="7.621399" />
    <Hotspot X="831.4651" Y="-4819.862" Z="86.46159" />
    <Hotspot X="823.1138" Y="-4792.659" Z="120.2895" />
    <Hotspot X="814.7625" Y="-4765.457" Z="154.117" />
    <Hotspot X="806.4111" Y="-4738.254" Z="187.9449" />
    <Hotspot X="798.0598" Y="-4711.052" Z="221.7729" />
    <Hotspot X="788.2166" Y="-4678.99" Z="261.6432" />
    <Hotspot X="827.7224" Y="-4648.392" Z="265.3654" />
    <Hotspot X="867.2282" Y="-4617.793" Z="267.0542" />
    <Hotspot X="906.7339" Y="-4587.194" Z="267.1572" />
    <Hotspot X="910.7665" Y="-4584.071" Z="267.0272" />
    <Hotspot X="861.2361" Y="-4578.111" Z="290.0502" />
    <Hotspot X="811.7058" Y="-4572.152" Z="287.5517" />
    <Hotspot X="762.1755" Y="-4566.193" Z="285.0532" />
    <Hotspot X="712.6451" Y="-4560.234" Z="282.5546" />
    <Hotspot X="694.6917" Y="-4558.074" Z="281.6489" />
    <Hotspot X="653.9642" Y="-4529.124" Z="286.7158" />
    <Hotspot X="613.2368" Y="-4500.174" Z="287.3268" />
    <Hotspot X="572.5093" Y="-4471.224" Z="287.9377" />
    <Hotspot X="539.8917" Y="-4448.039" Z="288.4269" />
    <Hotspot X="560.6815" Y="-4402.569" Z="290.9061" />
    <Hotspot X="581.4712" Y="-4357.1" Z="289.991" />
    <Hotspot X="588.2666" Y="-4342.237" Z="289.6918" />
    <Hotspot X="638.1359" Y="-4345.042" Z="291.9691" />
    <Hotspot X="688.0052" Y="-4347.847" Z="294.2463" />
    <Hotspot X="737.8745" Y="-4350.651" Z="296.5235" />
    <Hotspot X="749.5167" Y="-4351.306" Z="297.0552" />
    <Hotspot X="799.2471" Y="-4320.864" Z="282.9069" />
    <Hotspot X="844.8333" Y="-4292.959" Z="269.9377" />
    <Hotspot X="886.2753" Y="-4267.591" Z="258.1476" />
    <Hotspot X="907.5417" Y="-4254.573" Z="252.0973" />
    <Hotspot X="954.2427" Y="-4272.11" Z="255.4841" />
    <Hotspot X="1000.944" Y="-4289.647" Z="258.8709" />
    <Hotspot X="1012.192" Y="-4293.871" Z="259.6866" />
    <Hotspot X="1029.262" Y="-4247.731" Z="250.7559" />
    <Hotspot X="1046.332" Y="-4201.592" Z="242.531" />
    <Hotspot X="1060.729" Y="-4162.676" Z="234.2927" />
    <Hotspot X="1088.777" Y="-4204.021" Z="236.2668" />
    <Hotspot X="1116.826" Y="-4245.366" Z="238.3054" />
    <Hotspot X="1144.874" Y="-4286.711" Z="240.3439" />
    <Hotspot X="1172.922" Y="-4328.056" Z="242.2104" />
    <Hotspot X="1178.442" Y="-4336.191" Z="242.5776" />
    <Hotspot X="1166.541" Y="-4389.076" Z="251.8854" />
    <Hotspot X="1155.722" Y="-4437.152" Z="260.5889" />
    <Hotspot X="1139.493" Y="-4509.267" Z="273.6441" />
    <Hotspot X="1134.904" Y="-4529.658" Z="276.6284" />
    <Hotspot X="1157.912" Y="-4573.956" Z="273.7396" />
    <Hotspot X="1180.92" Y="-4618.254" Z="270.8509" />
    <Hotspot X="1203.927" Y="-4662.552" Z="267.9621" />
    <Hotspot X="1226.935" Y="-4706.85" Z="265.0733" />
    <Hotspot X="1249.943" Y="-4751.147" Z="262.1846" />
    <Hotspot X="1254.229" Y="-4759.4" Z="261.6464" />
    <Hotspot X="1267.964" Y="-4711.334" Z="262.6433" />
    <Hotspot X="1281.7" Y="-4663.268" Z="263.6403" />
    <Hotspot X="1295.436" Y="-4615.202" Z="264.6372" />
    <Hotspot X="1302.604" Y="-4590.116" Z="265.1575" />
    <Hotspot X="1341.324" Y="-4559.266" Z="261.5863" />
    <Hotspot X="1380.044" Y="-4528.417" Z="253.9874" />
    <Hotspot X="1418.765" Y="-4497.566" Z="244.8565" />
    <Hotspot X="1431.604" Y="-4487.337" Z="241.8287" />
    <Hotspot X="1438.971" Y="-4439.628" Z="230.8853" />
    <Hotspot X="1446.338" Y="-4391.92" Z="216.3831" />
    <Hotspot X="1449.342" Y="-4372.466" Z="210.4696" />
    <Hotspot X="1498.331" Y="-4371.899" Z="220.4577" />
    <Hotspot X="1547.319" Y="-4371.333" Z="236.6621" />
    <Hotspot X="1615.904" Y="-4370.539" Z="259.3484" />
    <Hotspot X="1664.893" Y="-4369.972" Z="265.9066" />
    <Hotspot X="1710.567" Y="-4369.443" Z="263.7292" />
    <Hotspot X="1664.382" Y="-4350.344" Z="268.5247" />
    <Hotspot X="1618.197" Y="-4331.246" Z="268.0652" />
    <Hotspot X="1600.917" Y="-4324.1" Z="267.2388" />
    <Hotspot X="1558.885" Y="-4304.401" Z="248.6562" />
    <Hotspot X="1516.854" Y="-4284.702" Z="230.0737" />
    <Hotspot X="1474.822" Y="-4265.003" Z="211.4911" />
    <Hotspot X="1446.117" Y="-4251.55" Z="198.8" />
    <Hotspot X="1420.643" Y="-4209.1" Z="205.808" />
    <Hotspot X="1682.165" Y="-4622.559" Z="236.7955" />
    <Hotspot X="1666.352" Y="-4667.498" Z="216.5942" />
    <Hotspot X="1650.539" Y="-4712.437" Z="196.3929" />
    <Hotspot X="1647.842" Y="-4720.102" Z="192.9475" />
    <Hotspot X="1678.099" Y="-4759.888" Z="198.5083" />
    <Hotspot X="1708.357" Y="-4799.675" Z="199.4149" />
    <Hotspot X="1728.304" Y="-4825.904" Z="196.1696" />
    <Hotspot X="1702.908" Y="-4868.751" Z="206.3776" />
    <Hotspot X="1677.513" Y="-4911.599" Z="207.8814" />
    <Hotspot X="1663.804" Y="-4934.729" Z="207.2837" />
    <Hotspot X="1608.851" Y="-4935.77" Z="223.5372" />
    <Hotspot X="1558.893" Y="-4936.715" Z="223.7574" />
    <Hotspot X="1504.167" Y="-4937.752" Z="201.4559" />
    <Hotspot X="1537.383" Y="-4975.114" Z="224.5278" />
    <Hotspot X="1573.922" Y="-5016.213" Z="202.2783" />
    <Hotspot X="1578.342" Y="-5021.185" Z="199.5868" />
    <Hotspot X="1557.946" Y="-5062.924" Z="218.0768" />
    <Hotspot X="1527.354" Y="-5125.533" Z="258.8482" />
    <Hotspot X="1506.959" Y="-5167.271" Z="270.5927" />
    <Hotspot X="1500.942" Y="-5179.585" Z="269.7566" />
    <Hotspot X="1510.308" Y="-5238.845" Z="315.2878" />
    <Hotspot X="1518.113" Y="-5288.228" Z="292.6559" />
    <Hotspot X="1526.698" Y="-5342.549" Z="267.7607" />
    <Hotspot X="1526.742" Y="-5342.822" Z="267.6117" />
    <Hotspot X="1558.976" Y="-5304.657" Z="281.3562" />
    <Hotspot X="1591.21" Y="-5266.491" Z="280.2323" />
    <Hotspot X="1618.654" Y="-5233.998" Z="261.6602" />
    <Hotspot X="1656.805" Y="-5201.719" Z="260.0477" />
    <Hotspot X="1694.955" Y="-5169.44" Z="259.1818" />
    <Hotspot X="1733.106" Y="-5137.161" Z="257.9843" />
    <Hotspot X="1775.072" Y="-5101.654" Z="256.6671" />
    <Hotspot X="1800.867" Y="-5079.829" Z="253.9588" />
    <Hotspot X="1850.534" Y="-5102.507" Z="260.5812" />
    <Hotspot X="1895.686" Y="-5123.124" Z="266.6016" />
    <Hotspot X="1940.838" Y="-5143.74" Z="272.6219" />
    <Hotspot X="1963.729" Y="-5154.192" Z="275.6741" />
    <Hotspot X="1988.799" Y="-5196.41" Z="285.21" />
    <Hotspot X="2028.912" Y="-5263.958" Z="300.228" />
    <Hotspot X="2029.022" Y="-5264.143" Z="300.2691" />
    <Hotspot X="2032.262" Y="-5314.031" Z="303.2893" />
    <Hotspot X="2035.502" Y="-5363.919" Z="302.5179" />
    <Hotspot X="2036.292" Y="-5376.075" Z="302.0904" />
    <Hotspot X="2077.739" Y="-5403.27" Z="315.6278" />
    <Hotspot X="2119.186" Y="-5430.465" Z="319.4306" />
    <Hotspot X="2158.842" Y="-5456.484" Z="321.3735" />
    <Hotspot X="2199.117" Y="-5485.742" Z="331.7507" />
    <Hotspot X="2239.393" Y="-5515" Z="333.7318" />
    <Hotspot X="2262.042" Y="-5531.453" Z="333.3566" />
    <Hotspot X="2273.775" Y="-5579.532" Z="330.1054" />
    <Hotspot X="2284.616" Y="-5623.954" Z="319.6604" />
    <Hotspot X="2235.515" Y="-5631.87" Z="315.1923" />
    <Hotspot X="2186.413" Y="-5639.786" Z="309.9291" />
    <Hotspot X="2132.401" Y="-5648.494" Z="304.1395" />
    <Hotspot X="2123.366" Y="-5649.951" Z="302.802" />
    <Hotspot X="2080.495" Y="-5624.232" Z="302.0015" />
    <Hotspot X="2037.624" Y="-5598.514" Z="301.2087" />
    <Hotspot X="1994.753" Y="-5572.796" Z="300.4159" />
    <Hotspot X="1994.367" Y="-5572.564" Z="300.3933" />
    <Hotspot X="1986.274" Y="-5621.872" Z="302.2966" />
    <Hotspot X="1978.181" Y="-5671.179" Z="297.7976" />
    <Hotspot X="1975.017" Y="-5690.458" Z="296.0385" />
    <Hotspot X="2013.681" Y="-5721.973" Z="300.4487" />
    <Hotspot X="2049.191" Y="-5750.917" Z="302.6517" />
    <Hotspot X="2044.221" Y="-5800.611" Z="305.0431" />
    <Hotspot X="2039.517" Y="-5847.649" Z="307.3066" />
    <Hotspot X="2089.366" Y="-5850.987" Z="309.2848" />
    <Hotspot X="2139.215" Y="-5854.325" Z="311.263" />
    <Hotspot X="2194.049" Y="-5857.996" Z="313.439" />
    <Hotspot X="2220.116" Y="-5859.741" Z="314.4734" />
    <Hotspot X="2276.984" Y="-5843.34" Z="324.3244" />
    <Hotspot X="2329.113" Y="-5828.305" Z="333.3544" />
    <Hotspot X="2345.892" Y="-5823.466" Z="336.2608" />
    <Hotspot X="2399.415" Y="-5817.422" Z="347.3825" />
    <Hotspot X="2448.073" Y="-5811.927" Z="357.4932" />
    <Hotspot X="2496.731" Y="-5806.432" Z="367.6038" />
    <Hotspot X="2545.388" Y="-5800.937" Z="377.7144" />
    <Hotspot X="2594.046" Y="-5795.442" Z="387.825" />
    <Hotspot X="2613.567" Y="-5793.237" Z="391.8812" />
    <Hotspot X="2636.394" Y="-5750.732" Z="405.0065" />
    <Hotspot X="2668.352" Y="-5691.226" Z="428.8129" />
    <Hotspot X="2693.461" Y="-5644.471" Z="444.2564" />
    <Hotspot X="2716.288" Y="-5601.966" Z="458.296" />
    <Hotspot X="2729.38" Y="-5577.588" Z="458.4732" />
    <Hotspot X="2687.333" Y="-5553.983" Z="457.0497" />
    <Hotspot X="2620.058" Y="-5516.216" Z="442.7286" />
    <Hotspot X="2578.01" Y="-5492.611" Z="431.9527" />
    <Hotspot X="2493.916" Y="-5445.402" Z="410.401" />
    <Hotspot X="2478.116" Y="-5436.533" Z="379.4529" />
    <Hotspot X="2433.057" Y="-5448.147" Z="362.0016" />
    <Hotspot X="2387.998" Y="-5459.763" Z="343.251" />
    <Hotspot X="2349.116" Y="-5469.785" Z="327.0711" />
    <Hotspot X="2318.188" Y="-5430.505" Z="327.7919" />
    <Hotspot X="2287.259" Y="-5391.226" Z="328.5127" />
    <Hotspot X="2256.331" Y="-5351.946" Z="329.2335" />
    <Hotspot X="2225.402" Y="-5312.666" Z="329.9543" />
    <Hotspot X="2194.474" Y="-5273.386" Z="330.6751" />
    <Hotspot X="2189.642" Y="-5267.25" Z="330.7877" />
    <Hotspot X="2170.235" Y="-5221.321" Z="327.0551" />
    <Hotspot X="2150.828" Y="-5175.392" Z="323.3224" />
    <Hotspot X="2141.104" Y="-5152.379" Z="321.4521" />
    <Hotspot X="2105.224" Y="-5118.032" Z="319.6512" />
    <Hotspot X="2069.344" Y="-5083.685" Z="310.3754" />
    <Hotspot X="2065.317" Y="-5079.829" Z="309.3341" />
    <Hotspot X="2067.814" Y="-5029.897" Z="311.2004" />
    <Hotspot X="2070.154" Y="-4983.096" Z="307.9101" />
    <Hotspot X="2119.077" Y="-4974.758" Z="319.8693" />
    <Hotspot X="2168" Y="-4966.42" Z="324.0352" />
    <Hotspot X="2194.317" Y="-4961.935" Z="323.352" />
    <Hotspot X="2220.804" Y="-4908.141" Z="321.212" />
    <Hotspot X="2242.878" Y="-4863.313" Z="319.4286" />
    <Hotspot X="2264.951" Y="-4818.484" Z="317.6453" />
    <Hotspot X="2287.024" Y="-4773.655" Z="315.8619" />
    <Hotspot X="2291.067" Y="-4765.445" Z="315.5353" />
    <Hotspot X="2336.537" Y="-4785.904" Z="319.2635" />
    <Hotspot X="2371.692" Y="-4801.721" Z="322.146" />
    <Hotspot X="2418.56" Y="-4784.341" Z="323.3117" />
    <Hotspot X="2465.427" Y="-4766.962" Z="324.6287" />
    <Hotspot X="2512.295" Y="-4749.583" Z="325.9457" />
    <Hotspot X="2518.429" Y="-4747.308" Z="325.7956" />
    <Hotspot X="2528.035" Y="-4698.255" Z="327.017" />
    <Hotspot X="2542.444" Y="-4624.675" Z="328.849" />
    <Hotspot X="2555.434" Y="-4558.342" Z="330.5006" />
    <Hotspot X="2506.288" Y="-4558.813" Z="321.3123" />
    <Hotspot X="2457.142" Y="-4559.285" Z="315.5744" />
    <Hotspot X="2407.996" Y="-4559.755" Z="303.6892" />
    <Hotspot X="2394.267" Y="-4559.887" Z="300.369" />
    <Hotspot X="2413.55" Y="-4513.879" Z="303.7509" />
    <Hotspot X="2432.832" Y="-4467.871" Z="307.1329" />
    <Hotspot X="2447.479" Y="-4432.925" Z="309.7017" />
    <Hotspot X="2402.568" Y="-4410.961" Z="308.9012" />
    <Hotspot X="2357.658" Y="-4388.998" Z="308.2971" />
    <Hotspot X="2312.747" Y="-4367.035" Z="307.6929" />
    <Hotspot X="2267.836" Y="-4345.071" Z="307.0887" />
    <Hotspot X="2262.042" Y="-4342.237" Z="306.3968" />
    <Hotspot X="2255.844" Y="-4292.661" Z="310.6261" />
    <Hotspot X="2249.645" Y="-4243.085" Z="309.0411" />
    <Hotspot X="2243.447" Y="-4193.509" Z="305.7381" />
    <Hotspot X="2237.854" Y="-4148.771" Z="298.8052" />
    <Hotspot X="2276.929" Y="-4179.66" Z="303.1598" />
    <Hotspot X="2319.912" Y="-4213.639" Z="307.9498" />
    <Hotspot X="2358.987" Y="-4244.529" Z="312.3043" />
    <Hotspot X="2371.692" Y="-4254.573" Z="313.7202" />
    <Hotspot X="2419.25" Y="-4243.143" Z="324.0938" />
    <Hotspot X="2466.807" Y="-4231.712" Z="334.4675" />
    <Hotspot X="2497.467" Y="-4224.344" Z="341.1551" />
    <Hotspot X="2542.44" Y="-4182.913" Z="393.9265" />
    <Hotspot X="2577.036" Y="-4151.043" Z="383.5835" />
    <Hotspot X="2581.384" Y="-4147.038" Z="382.2836" />
    <Hotspot X="2623.232" Y="-4132.193" Z="405.2699" />
    <Hotspot X="2665.08" Y="-4117.349" Z="431.1787" />
    <Hotspot X="2695.804" Y="-4106.45" Z="445.1324" />
    <Hotspot X="2718.636" Y="-4062.351" Z="459.2916" />
    <Hotspot X="2746.034" Y="-4009.432" Z="459.1087" />
    <Hotspot X="2749.017" Y="-4003.671" Z="458.7199" />
    <Hotspot X="2748.529" Y="-3954.941" Z="467.7498" />
    <Hotspot X="2748.086" Y="-3910.641" Z="460.8307" />
    <Hotspot X="2747.337" Y="-3835.678" Z="370.8159" />
    <Hotspot X="2771.71" Y="-3796.695" Z="351.1622" />
    <Hotspot X="2798.522" Y="-3753.814" Z="329.5432" />
    <Hotspot X="2819.967" Y="-3719.516" Z="312.2515" />
    <Hotspot X="2772.763" Y="-3703.114" Z="313.9185" />
    <Hotspot X="2725.559" Y="-3686.711" Z="315.5856" />
    <Hotspot X="2678.356" Y="-3670.309" Z="317.2526" />
    <Hotspot X="2645.979" Y="-3659.058" Z="318.3961" />
    <Hotspot X="2593.765" Y="-3685.528" Z="331.5525" />
    <Hotspot X="2536.099" Y="-3714.761" Z="346.0827" />
    <Hotspot X="2538.664" Y="-3764.554" Z="393.8326" />
    <Hotspot X="2541.228" Y="-3814.347" Z="426.7678" />
    <Hotspot X="2544.049" Y="-3869.119" Z="386.1498" />
    <Hotspot X="2545.842" Y="-3903.914" Z="360.3459" />
    <Hotspot X="2504.283" Y="-3861.997" Z="359.2121" />
    <Hotspot X="2469.652" Y="-3827.065" Z="359.1223" />
    <Hotspot X="2458.929" Y="-3816.25" Z="337.837" />
    <Hotspot X="2396.929" Y="-3769.504" Z="330.7445" />
    <Hotspot X="2358.18" Y="-3740.288" Z="310.2702" />
    <Hotspot X="2341.054" Y="-3727.376" Z="301.2215" />
    <Hotspot X="2295.521" Y="-3747.901" Z="304.4279" />
    <Hotspot X="2249.988" Y="-3768.425" Z="299.8506" />
    <Hotspot X="2204.455" Y="-3788.95" Z="294.6222" />
    <Hotspot X="2197.542" Y="-3792.066" Z="293.8282" />
    <Hotspot X="2193.332" Y="-3744.056" Z="282.986" />
    <Hotspot X="2189.122" Y="-3696.045" Z="270.2842" />
    <Hotspot X="2184.912" Y="-3648.034" Z="257.5825" />
    <Hotspot X="2180.702" Y="-3600.023" Z="244.8806" />
    <Hotspot X="2178.191" Y="-3571.394" Z="232.6379" />
    <Hotspot X="2160.336" Y="-3525.606" Z="229.3803" />
    <Hotspot X="2142.48" Y="-3479.819" Z="231.186" />
    <Hotspot X="2124.625" Y="-3434.032" Z="228.3706" />
    <Hotspot X="2106.769" Y="-3388.245" Z="222.8778" />
    <Hotspot X="2086.307" Y="-3335.774" Z="185.2735" />
    <Hotspot X="2085.606" Y="-3290.523" Z="180.7873" />
    <Hotspot X="2084.906" Y="-3245.272" Z="161.5912" />
    <Hotspot X="2084.667" Y="-3229.804" Z="135.4918" />
    <Hotspot X="2077.973" Y="-3192.162" Z="227.9813" />
    <Hotspot X="2071.28" Y="-3154.52" Z="224.2048" />
    <Hotspot X="2066.929" Y="-3130.048" Z="220.8838" />
    <Hotspot X="2116.274" Y="-3122.406" Z="221.9327" />
    <Hotspot X="2165.62" Y="-3114.764" Z="220.2564" />
    <Hotspot X="2214.965" Y="-3107.122" Z="213.1919" />
    <Hotspot X="2215.279" Y="-3107.073" Z="213.147" />
    <Hotspot X="2239.314" Y="-3063.243" Z="216.7092" />
    <Hotspot X="2263.349" Y="-3019.412" Z="216.3092" />
    <Hotspot X="2279.493" Y="-2989.971" Z="216.0405" />
    <Hotspot X="2310.831" Y="-3028.474" Z="221.9964" />
    <Hotspot X="2342.168" Y="-3066.977" Z="227.9523" />
    <Hotspot X="2373.506" Y="-3105.48" Z="233.9081" />
    <Hotspot X="2391.042" Y="-3127.025" Z="237.2408" />
    <Hotspot X="2429.54" Y="-3096.953" Z="229.4305" />
    <Hotspot X="2468.038" Y="-3066.882" Z="221.5765" />
    <Hotspot X="2506.536" Y="-3036.81" Z="205.3554" />
    <Hotspot X="2507.142" Y="-3036.337" Z="205.1003" />
    <Hotspot X="2555.703" Y="-3026.059" Z="199.0847" />
    <Hotspot X="2604.264" Y="-3015.781" Z="193.8527" />
    <Hotspot X="2607.116" Y="-3015.177" Z="192.7157" />
    <Hotspot X="2605.91" Y="-3064.507" Z="200.7847" />
    <Hotspot X="2604.704" Y="-3113.837" Z="210.0742" />
    <Hotspot X="2603.974" Y="-3143.685" Z="213.736" />
    <Hotspot X="2628.331" Y="-3184.273" Z="229.839" />
    <Hotspot X="2652.688" Y="-3224.861" Z="245.9419" />
    <Hotspot X="2670.167" Y="-3253.987" Z="257.4973" />
    <Hotspot X="2687.717" Y="-3211.903" Z="236.9824" />
    <Hotspot X="2705.268" Y="-3169.818" Z="227.4674" />
    <Hotspot X="2722.818" Y="-3127.733" Z="197.4739" />
    <Hotspot X="2725.635" Y="-3120.979" Z="192.6601" />
    <Hotspot X="2770.388" Y="-3142.073" Z="201.2301" />
    <Hotspot X="2815.14" Y="-3163.167" Z="207.8362" />
    <Hotspot X="2859.893" Y="-3184.261" Z="214.4424" />
    <Hotspot X="2866.729" Y="-3187.483" Z="215.4515" />
    <Hotspot X="2849.675" Y="-3142.012" Z="203.5532" />
    <Hotspot X="2832.62" Y="-3096.542" Z="191.655" />
    <Hotspot X="2815.566" Y="-3051.071" Z="179.7567" />
    <Hotspot X="2798.511" Y="-3005.601" Z="167.8584" />
    <Hotspot X="2794.167" Y="-2994.017" Z="164.8272" />
    <Hotspot X="2748.981" Y="-2972.616" Z="164.2863" />
    <Hotspot X="2703.795" Y="-2951.217" Z="163.7455" />
    <Hotspot X="2658.609" Y="-2929.816" Z="163.2046" />
    <Hotspot X="2640.979" Y="-2921.467" Z="162.9936" />
    <Hotspot X="2616.219" Y="-2880.633" Z="158.0685" />
    <Hotspot X="2591.459" Y="-2839.8" Z="154.0338" />
    <Hotspot X="2566.722" Y="-2799.005" Z="118.5548" />
    <Hotspot X="2518.251" Y="-2809.068" Z="111.5356" />
    <Hotspot X="2469.78" Y="-2819.132" Z="104.5164" />
    <Hotspot X="2442.804" Y="-2824.733" Z="100.61" />
    <Hotspot X="2399.829" Y="-2799.974" Z="94.27891" />
    <Hotspot X="2356.853" Y="-2775.214" Z="87.94784" />
    <Hotspot X="2313.878" Y="-2750.454" Z="81.61677" />
    <Hotspot X="2306.385" Y="-2746.137" Z="80.51295" />
    <Hotspot X="2258.91" Y="-2730.449" Z="86.64285" />
    <Hotspot X="2211.435" Y="-2714.761" Z="86.53533" />
    <Hotspot X="2163.96" Y="-2699.073" Z="86.42783" />
    <Hotspot X="2116.485" Y="-2683.385" Z="86.32031" />
    <Hotspot X="2069.01" Y="-2667.696" Z="80.2654" />
    <Hotspot X="2068.542" Y="-2667.542" Z="80.20563" />
    <Hotspot X="2056.121" Y="-2715.972" Z="79.73621" />
    <Hotspot X="2048.385" Y="-2746.137" Z="79.44383" />
    <Hotspot X="2038.108" Y="-2788.062" Z="104.6771" />
    <Hotspot X="2027.831" Y="-2829.986" Z="136.5527" />
    <Hotspot X="2013.442" Y="-2888.68" Z="181.1783" />
    <Hotspot X="2003.165" Y="-2930.605" Z="213.0538" />
    <Hotspot X="1989.804" Y="-2985.107" Z="226.8997" />
    <Hotspot X="1987.917" Y="-2992.807" Z="227.9084" />
    <Hotspot X="1939.696" Y="-3006.013" Z="227.282" />
    <Hotspot X="1895.198" Y="-3018.2" Z="226.7039" />
    <Hotspot X="1877.56" Y="-3064.933" Z="228.9214" />
    <Hotspot X="1859.922" Y="-3111.666" Z="231.1842" />
    <Hotspot X="1842.283" Y="-3158.399" Z="233.4469" />
    <Hotspot X="1834.729" Y="-3178.414" Z="234.306" />
    <Hotspot X="1820.002" Y="-3226.016" Z="231.3999" />
    <Hotspot X="1805.275" Y="-3273.617" Z="226.8947" />
    <Hotspot X="1790.548" Y="-3321.218" Z="222.3384" />
    <Hotspot X="1787.967" Y="-3329.56" Z="221.1241" />
    <Hotspot X="1775.321" Y="-3377.819" Z="224.8109" />
    <Hotspot X="1762.676" Y="-3426.078" Z="228.0215" />
    <Hotspot X="1750.03" Y="-3474.337" Z="231.2321" />
    <Hotspot X="1742.817" Y="-3501.866" Z="233.0636" />
    <Hotspot X="1699.286" Y="-3526.46" Z="232.5796" />
    <Hotspot X="1655.755" Y="-3551.054" Z="232.0956" />
    <Hotspot X="1612.225" Y="-3575.647" Z="231.6116" />
    <Hotspot X="1568.694" Y="-3600.241" Z="231.1276" />
    <Hotspot X="1525.163" Y="-3624.834" Z="230.6436" />
    <Hotspot X="1507.392" Y="-3634.875" Z="230.446" />
    <Hotspot X="1457.434" Y="-3634.875" Z="228.3898" />
    <Hotspot X="1407.476" Y="-3634.875" Z="226.3335" />
    <Hotspot X="1357.519" Y="-3634.875" Z="224.2773" />
    <Hotspot X="1307.561" Y="-3634.875" Z="222.2211" />
    <Hotspot X="1307.442" Y="-3634.875" Z="222.2162" />
    <Hotspot X="1288.477" Y="-3589.625" Z="233.6684" />
    <Hotspot X="1269.512" Y="-3544.376" Z="242.8314" />
    <Hotspot X="1254.229" Y="-3507.912" Z="249.2464" />
    <Hotspot X="1205.53" Y="-3497.399" Z="254.2724" />
    <Hotspot X="1156.83" Y="-3486.887" Z="258.2787" />
    <Hotspot X="1108.13" Y="-3476.374" Z="262.285" />
    <Hotspot X="1094.591" Y="-3473.451" Z="263.0919" />
    <Hotspot X="1044.814" Y="-3469.268" Z="268.4546" />
    <Hotspot X="1001.067" Y="-3465.592" Z="267.1727" />
    <Hotspot X="974.7614" Y="-3507.861" Z="262.5506" />
    <Hotspot X="948.4561" Y="-3550.13" Z="259.9732" />
    <Hotspot X="933.3417" Y="-3574.417" Z="255.2727" />
    <Hotspot X="922.5186" Y="-3623.112" Z="258.6846" />
    <Hotspot X="910.6133" Y="-3676.676" Z="262.4376" />
    <Hotspot X="901.0916" Y="-3719.516" Z="265.4392" />
    <Hotspot X="880.1696" Y="-3764.888" Z="271.5204" />
    <Hotspot X="859.2477" Y="-3810.26" Z="276.2693" />
    <Hotspot X="838.3257" Y="-3855.632" Z="281.0183" />
    <Hotspot X="817.4037" Y="-3901.004" Z="285.7673" />
    <Hotspot X="796.4817" Y="-3946.376" Z="287.7205" />
    <Hotspot X="775.5597" Y="-3991.748" Z="287.427" />
    <Hotspot X="754.6377" Y="-4037.12" Z="287.1335" />
    <Hotspot X="733.7157" Y="-4082.492" Z="285.9348" />
    <Hotspot X="712.7938" Y="-4127.864" Z="284.736" />
    <Hotspot X="699.5291" Y="-4156.63" Z="283.8654" />
    <Hotspot X="652.069" Y="-4145.583" Z="295.0686" />
    <Hotspot X="604.609" Y="-4134.536" Z="306.2911" />
    <Hotspot X="542.9109" Y="-4120.175" Z="320.8802" />
    <Hotspot X="541.4368" Y="-4119.832" Z="321.184" />
    <Hotspot X="508.1437" Y="-4157.107" Z="322.6345" />
    <Hotspot X="474.8507" Y="-4194.383" Z="324.085" />
    <Hotspot X="441.5576" Y="-4231.659" Z="325.5354" />
    <Hotspot X="423.7917" Y="-4251.55" Z="326.3094" />
    <Hotspot X="375.755" Y="-4237.684" Z="331.6302" />
    <Hotspot X="308.5037" Y="-4218.271" Z="333.6625" />
    <Hotspot X="260.4671" Y="-4204.404" Z="330.0897" />
    <Hotspot X="235.2915" Y="-4197.137" Z="328.0922" />
    <Hotspot X="195.0995" Y="-4226.867" Z="328.9487" />
    <Hotspot X="154.9074" Y="-4256.597" Z="330.8245" />
    <Hotspot X="114.7153" Y="-4286.327" Z="331.2702" />
    <Hotspot X="104.5166" Y="-4293.871" Z="330.8789" />
    <Hotspot X="144.7373" Y="-4323.574" Z="338.9247" />
    <Hotspot X="184.958" Y="-4353.277" Z="334.1873" />
    <Hotspot X="210.9417" Y="-4372.466" Z="331.1268" />
    <Hotspot X="216.1189" Y="-4422.189" Z="330.2204" />
    <Hotspot X="221.2961" Y="-4471.912" Z="331.4914" />
    <Hotspot X="226.4734" Y="-4521.635" Z="332.7625" />
    <Hotspot X="231.6506" Y="-4571.358" Z="328.0607" />
    <Hotspot X="231.9041" Y="-4573.793" Z="327.4569" />
    <Hotspot X="178.6716" Y="-4584.71" Z="340.0265" />
    <Hotspot X="130.2785" Y="-4594.635" Z="357.2018" />
    <Hotspot X="81.88536" Y="-4604.561" Z="357.3976" />
    <Hotspot X="43.24176" Y="-4612.486" Z="357.5538" />
    <Hotspot X="44.73991" Y="-4662.058" Z="363.9086" />
    <Hotspot X="46.23806" Y="-4711.629" Z="370.5401" />
    <Hotspot X="47.73621" Y="-4761.202" Z="377.1717" />
    <Hotspot X="49.38417" Y="-4815.73" Z="383.8139" />
    <Hotspot X="49.69163" Y="-4825.904" Z="384.9127" />
    <Hotspot X="53.72749" Y="-4875.65" Z="389.5743" />
    <Hotspot X="57.76335" Y="-4925.396" Z="391.8265" />
    <Hotspot X="61.79921" Y="-4975.142" Z="394.0788" />
    <Hotspot X="62.59161" Y="-4984.909" Z="394.521" />
    <Hotspot X="14.60652" Y="-4998.934" Z="393.6612" />
    <Hotspot X="-33.37853" Y="-5012.959" Z="394.1484" />
    <Hotspot X="-90.9606" Y="-5029.789" Z="394.733" />
    <Hotspot X="-138.9457" Y="-5043.813" Z="391.0977" />
    <Hotspot X="-142.1958" Y="-5044.763" Z="390.8515" />
    <Hotspot X="-154.5956" Y="-5093.114" Z="402.9626" />
    <Hotspot X="-166.9955" Y="-5141.465" Z="400.1125" />
    <Hotspot X="-174.4458" Y="-5170.517" Z="398.4001" />
    <Hotspot X="-130.0385" Y="-5193.474" Z="403.4407" />
    <Hotspot X="-85.63132" Y="-5216.432" Z="403.8495" />
    <Hotspot X="-32.34265" Y="-5243.981" Z="404.3401" />
    <Hotspot X="12.06456" Y="-5266.939" Z="404.749" />
    <Hotspot X="56.47179" Y="-5289.896" Z="405.1578" />
    <Hotspot X="118.6419" Y="-5322.038" Z="405.7302" />
    <Hotspot X="163.0491" Y="-5344.995" Z="406.139" />
    <Hotspot X="191.5916" Y="-5359.751" Z="406.4018" />
    <Hotspot X="153.9948" Y="-5394.45" Z="426.8138" />
    <Hotspot X="119.8159" Y="-5425.994" Z="451.2276" />
    <Hotspot X="85.63693" Y="-5457.539" Z="465.5977" />
    <Hotspot X="65.81666" Y="-5475.831" Z="473.931" />
    <Hotspot X="109.5378" Y="-5492.598" Z="463.5628" />
    <Hotspot X="153.259" Y="-5509.366" Z="456.5521" />
    <Hotspot X="196.9802" Y="-5526.133" Z="422.417" />
    <Hotspot X="199.8167" Y="-5527.221" Z="420.2025" />
    <Hotspot X="166.8648" Y="-5558.612" Z="455.0302" />
    <Hotspot X="133.9129" Y="-5590.003" Z="467.4126" />
    <Hotspot X="110.9667" Y="-5611.862" Z="476.0351" />
    <Hotspot X="131.6325" Y="-5668.214" Z="513.4609" />
    <Hotspot X="146.4416" Y="-5708.596" Z="518.8608" />
    <Hotspot X="157.892" Y="-5704.095" Z="470.3981" />
    <Hotspot X="169.3424" Y="-5699.595" Z="446.2941" />
    <Hotspot X="180.7928" Y="-5695.095" Z="422.1903" />
    <Hotspot X="192.2432" Y="-5690.594" Z="398.0862" />
    <Hotspot X="207.1287" Y="-5684.744" Z="366.7509" />
    <Hotspot X="217.6777" Y="-5680.598" Z="217.3607" />
    <Hotspot X="239.6167" Y="-5664.424" Z="417.852" />
    <Hotspot X="261.5558" Y="-5648.251" Z="412.842" />
    <Hotspot X="283.4948" Y="-5632.078" Z="405.1375" />
    <Hotspot X="305.4339" Y="-5615.904" Z="397.433" />
    <Hotspot X="310.9167" Y="-5611.862" Z="395.5076" />
    <Hotspot X="356.9916" Y="-5629.53" Z="387.4478" />
    <Hotspot X="403.0665" Y="-5647.197" Z="379.388" />
    <Hotspot X="449.1414" Y="-5664.865" Z="371.3281" />
    <Hotspot X="452.8167" Y="-5666.274" Z="370.6852" />
    <Hotspot X="409.9653" Y="-5690.833" Z="378.4709" />
    <Hotspot X="367.114" Y="-5715.393" Z="396.0489" />
    <Hotspot X="339.9417" Y="-5730.965" Z="391.1934" />
    <Hotspot X="375.5195" Y="-5772.779" Z="387.9031" />
    <Hotspot X="407.863" Y="-5810.792" Z="384.912" />
    <Hotspot X="423.7917" Y="-5829.512" Z="383.4388" />
    <Hotspot X="380.2916" Y="-5847.145" Z="379.0394" />
    <Hotspot X="332.4414" Y="-5866.54" Z="351.9909" />
    <Hotspot X="304.4666" Y="-5877.879" Z="336.1774" />
    <Hotspot X="358.334" Y="-5978.863" Z="401.8241" />
    <Hotspot X="378.6417" Y="-6016.933" Z="405.3782" />
    <Hotspot X="428.1211" Y="-6023.258" Z="403.6225" />
    <Hotspot X="477.6006" Y="-6029.582" Z="401.4391" />
    <Hotspot X="520.5416" Y="-6035.071" Z="395.5339" />
    <Hotspot X="567.7203" Y="-6019.217" Z="394.3463" />
    <Hotspot X="614.899" Y="-6003.364" Z="388.1983" />
    <Hotspot X="662.0777" Y="-5987.51" Z="382.0503" />
    <Hotspot X="691.4667" Y="-5977.635" Z="378.2205" />
    <Hotspot X="696.8525" Y="-5927.993" Z="375.6438" />
    <Hotspot X="702.2383" Y="-5878.35" Z="373.067" />
    <Hotspot X="707.6241" Y="-5828.708" Z="370.4902" />
    <Hotspot X="710.8165" Y="-5799.283" Z="368.9629" />
    <Hotspot X="748.5873" Y="-5831.986" Z="367.4811" />
    <Hotspot X="786.3583" Y="-5864.69" Z="365.3679" />
    <Hotspot X="824.1292" Y="-5897.394" Z="363.2546" />
    <Hotspot X="860.9415" Y="-5929.268" Z="361.1949" />
    <Hotspot X="910.5037" Y="-5935.755" Z="361.9084" />
    <Hotspot X="960.0659" Y="-5942.243" Z="362.8949" />
    <Hotspot X="1009.628" Y="-5948.73" Z="363.8813" />
    <Hotspot X="1059.19" Y="-5955.218" Z="357.3195" />
    <Hotspot X="1068.792" Y="-5956.475" Z="356.0483" />
    <Hotspot X="1091.751" Y="-6000.649" Z="354.8167" />
    <Hotspot X="1114.711" Y="-6044.825" Z="348.9529" />
    <Hotspot X="1130.067" Y="-6074.369" Z="343.696" />
    <Hotspot X="1122.936" Y="-6123.829" Z="342.0161" />
    <Hotspot X="1115.805" Y="-6173.29" Z="341.1274" />
    <Hotspot X="1113.942" Y="-6186.216" Z="339.8972" />
    <Hotspot X="1162.921" Y="-6196.148" Z="341.4482" />
    <Hotspot X="1216.798" Y="-6207.073" Z="343.1544" />
    <Hotspot X="1265.777" Y="-6217.004" Z="344.7054" />
    <Hotspot X="1271.967" Y="-6218.259" Z="344.9014" />
    <Hotspot X="1297.583" Y="-6175.339" Z="346.1732" />
    <Hotspot X="1323.2" Y="-6132.418" Z="347.4449" />
    <Hotspot X="1323.567" Y="-6131.804" Z="347.4631" />
    <Hotspot X="1291.872" Y="-6093.182" Z="349.417" />
    <Hotspot X="1260.177" Y="-6054.561" Z="351.3709" />
    <Hotspot X="1259.067" Y="-6053.208" Z="351.4394" />
    <Hotspot X="1306.464" Y="-6038.038" Z="360.4434" />
    <Hotspot X="1353.862" Y="-6022.867" Z="366.5454" />
    <Hotspot X="1391.292" Y="-6010.887" Z="364.9134" />
    <Hotspot X="1412.107" Y="-6028.076" Z="361.9405" />
    <Hotspot X="1432.923" Y="-6045.264" Z="359.553" />
    <Hotspot X="1495.369" Y="-6096.829" Z="180.8354" />
    <Hotspot X="1526.592" Y="-6122.612" Z="91.47629" />
    <Hotspot X="1526.742" Y="-6122.735" Z="91.04955" />
    <Hotspot X="1559.241" Y="-6160.627" Z="89.39513" />
    <Hotspot X="1591.74" Y="-6198.52" Z="87.59863" />
    <Hotspot X="1624.239" Y="-6236.413" Z="85.80215" />
    <Hotspot X="1656.738" Y="-6274.305" Z="80.36418" />
    <Hotspot X="1658.967" Y="-6276.904" Z="79.56397" />
    <Hotspot X="1708.789" Y="-6272.711" Z="79.92326" />
    <Hotspot X="1758.612" Y="-6268.518" Z="80.28255" />
    <Hotspot X="1802.642" Y="-6264.812" Z="80.60007" />
    <Hotspot X="1779.336" Y="-6220.598" Z="83.14926" />
    <Hotspot X="1756.03" Y="-6176.385" Z="86.21024" />
    <Hotspot X="1732.724" Y="-6132.171" Z="89.27123" />
    <Hotspot X="1709.419" Y="-6087.957" Z="92.33224" />
    <Hotspot X="1686.113" Y="-6043.744" Z="95.39321" />
    <Hotspot X="1681.542" Y="-6035.071" Z="87.9349" />
    <Hotspot X="1653.628" Y="-6014.597" Z="142.9503" />
    <Hotspot X="1632.157" Y="-5998.848" Z="189.8153" />
    <Hotspot X="1606.391" Y="-5979.949" Z="246.0535" />
    <Hotspot X="1557.006" Y="-5943.727" Z="353.843" />
    <Hotspot X="1541.417" Y="-5932.292" Z="364.1148" />
    <Hotspot X="1565.837" Y="-5883.824" Z="355.1973" />
    <Hotspot X="1616.898" Y="-5782.482" Z="340.8721" />
    <Hotspot X="1652.419" Y="-5711.984" Z="325.5272" />
    <Hotspot X="1679.059" Y="-5659.11" Z="314.0186" />
    <Hotspot X="1681.542" Y="-5654.183" Z="312.9462" />
    <Hotspot X="1731.305" Y="-5658.148" Z="310.1325" />
    <Hotspot X="1781.068" Y="-5662.113" Z="307.3188" />
    <Hotspot X="1810.542" Y="-5664.461" Z="305.6523" />
    <Hotspot X="1815.394" Y="-5610.423" Z="300.3583" />
    <Hotspot X="1819.806" Y="-5561.298" Z="291.3988" />
    <Hotspot X="1825.1" Y="-5502.348" Z="279.2653" />
    <Hotspot X="1826.667" Y="-5484.899" Z="275.6738" />
    <Hotspot X="1792.932" Y="-5448.008" Z="274.6807" />
    <Hotspot X="1768.617" Y="-5421.418" Z="273.9649" />
    <Hotspot X="1729.86" Y="-5452.379" Z="280.2402" />
    <Hotspot X="1691.104" Y="-5483.34" Z="287.0369" />
    <Hotspot X="1652.348" Y="-5514.301" Z="293.8334" />
    <Hotspot X="1613.592" Y="-5545.263" Z="300.6301" />
    <Hotspot X="1574.836" Y="-5576.224" Z="307.4267" />
    <Hotspot X="1536.08" Y="-5607.185" Z="312.8043" />
    <Hotspot X="1497.324" Y="-5638.146" Z="318.1819" />
    <Hotspot X="1484.817" Y="-5648.137" Z="319.9174" />
    <Hotspot X="1463.193" Y="-5692.2" Z="329.4532" />
    <Hotspot X="1441.569" Y="-5736.262" Z="340.9334" />
    <Hotspot X="1419.945" Y="-5780.324" Z="349.1098" />
    <Hotspot X="1410.641" Y="-5799.283" Z="352.6277" />
    <Hotspot X="1366.655" Y="-5822.532" Z="361.8005" />
    <Hotspot X="1331.562" Y="-5841.081" Z="361.5636" />
    <Hotspot X="1287.033" Y="-5818.395" Z="359.9667" />
    <Hotspot X="1242.504" Y="-5795.709" Z="358.3698" />
    <Hotspot X="1213.917" Y="-5781.146" Z="357.3446" />
    <Hotspot X="1174.308" Y="-5810.316" Z="354.1625" />
    <Hotspot X="1134.7" Y="-5839.487" Z="340.6899" />
    <Hotspot X="1123.617" Y="-5847.649" Z="336.92" />
    <Hotspot X="1080.161" Y="-5823.332" Z="332.4163" />
    <Hotspot X="1036.706" Y="-5799.014" Z="331.3394" />
    <Hotspot X="993.2507" Y="-5774.696" Z="325.6828" />
    <Hotspot X="949.7954" Y="-5750.378" Z="320.0262" />
    <Hotspot X="907.5417" Y="-5726.733" Z="314.5261" />
    <Hotspot X="948.5343" Y="-5698.333" Z="310.9172" />
    <Hotspot X="989.5269" Y="-5669.932" Z="307.3084" />
    <Hotspot X="1030.52" Y="-5641.532" Z="303.6996" />
    <Hotspot X="1055.892" Y="-5623.954" Z="301.466" />
    <Hotspot X="1105.734" Y="-5627.847" Z="300.6819" />
    <Hotspot X="1155.576" Y="-5631.74" Z="299.8979" />
    <Hotspot X="1205.418" Y="-5635.633" Z="299.1138" />
    <Hotspot X="1210.692" Y="-5636.045" Z="299.0308" />
    <Hotspot X="1207.449" Y="-5586.473" Z="293.3687" />
    <Hotspot X="1203.881" Y="-5531.943" Z="287.1403" />
    <Hotspot X="1200.638" Y="-5482.371" Z="281.4782" />
    <Hotspot X="1197.395" Y="-5432.798" Z="275.816" />
    <Hotspot X="1194.152" Y="-5383.226" Z="270.1539" />
    <Hotspot X="1190.909" Y="-5333.654" Z="264.4918" />
    <Hotspot X="1189.729" Y="-5315.616" Z="262.4315" />
    <Hotspot X="1120.938" Y="-5327.997" Z="266.2346" />
    <Hotspot X="1071.801" Y="-5336.839" Z="280.3214" />
    <Hotspot X="1022.664" Y="-5345.683" Z="276.3577" />
    <Hotspot X="988.1666" Y="-5351.891" Z="273.5749" />
    <Hotspot X="958.1826" Y="-5391.515" Z="300.9691" />
    <Hotspot X="928.1985" Y="-5431.139" Z="302.6022" />
    <Hotspot X="898.2144" Y="-5470.763" Z="304.2353" />
    <Hotspot X="868.2303" Y="-5510.386" Z="305.8684" />
    <Hotspot X="838.2463" Y="-5550.01" Z="307.5015" />
    <Hotspot X="808.2622" Y="-5589.634" Z="309.1346" />
    <Hotspot X="791.4417" Y="-5611.862" Z="310.0508" />
    <Hotspot X="763.3239" Y="-5559.15" Z="315.6044" />
    <Hotspot X="739.8925" Y="-5515.224" Z="320.2325" />
    <Hotspot X="723.7167" Y="-5484.899" Z="323.4274" />
    <Hotspot X="672.826" Y="-5464.229" Z="326.231" />
    <Hotspot X="589.5504" Y="-5430.404" Z="337.2227" />
    <Hotspot X="543.2861" Y="-5411.612" Z="343.3293" />
    <Hotspot X="530.2166" Y="-5406.304" Z="334.0875" />
    <Hotspot X="490.5732" Y="-5376.903" Z="344.7495" />
    <Hotspot X="450.9298" Y="-5347.502" Z="351.7636" />
    <Hotspot X="411.2864" Y="-5318.101" Z="358.7776" />
    <Hotspot X="383.4792" Y="-5297.479" Z="363.6975" />
    <Hotspot X="387.252" Y="-5228.166" Z="354.6729" />
    <Hotspot X="390.2163" Y="-5173.705" Z="347.582" />
    <Hotspot X="393.7196" Y="-5109.343" Z="339.202" />
    <Hotspot X="398.0313" Y="-5030.127" Z="328.8881" />
    <Hotspot X="399.604" Y="-5001.233" Z="325.1259" />
    <Hotspot X="414.6465" Y="-4954.233" Z="325.3703" />
    <Hotspot X="438.7146" Y="-4879.034" Z="310.0891" />
    <Hotspot X="452.8167" Y="-4834.973" Z="296.6586" />
    <Hotspot X="468.623" Y="-4787.781" Z="294.3001" />
    <Hotspot X="484.4293" Y="-4740.59" Z="288.0899" />
    <Hotspot X="496.3542" Y="-4704.987" Z="283.4046" />
  </Hotspots>
</HBProfile>
