﻿<?xml version="1.0" encoding="utf-8" ?>

<DungeonBuddyProfile>
  <Name>Iron Docks</Name>
  <DungeonId>821</DungeonId>
  <BossEncounters>
    <Boss isFinal="false" entry="81297" name="Dreadfang" killOrder="1" optional="false" X="6822.085" Y="-713.9408" Z="4.742862"/>
    <Boss isFinal="false" entry="81305" name="Fleshrender Nok'gar" killOrder="1" optional="false" X="6822.085" Y="-713.9408" Z="4.742862"/>
    
    <Boss isFinal="false" entry="80805" name="Makogg Emberblade" killOrder="2" optional="false" X="6508.09" Y="-1128.319" Z="4.959027"/>
    <Boss isFinal="false" entry="80808" name="Neesa Nox" killOrder="2" optional="false" X="6502.828" Y="-1133.913" Z="4.958661"/>
    <Boss isFinal="false" entry="80816" name="Ahri'ok Dugru" killOrder="2" optional="false" X="6514.702" Y="-1134.09" Z="4.959322"/>
    
  </BossEncounters>
  <Blackspots>
  </Blackspots>
  <PullBlackspots>
  </PullBlackspots>
</DungeonBuddyProfile>