<HBProfile>
  <Name></Name>
  <MinDurability>0.4</MinDurability>
  <MinFreeBagSlots>1</MinFreeBagSlots>
  
  <MinLevel>1</MinLevel>
  <MaxLevel>91</MaxLevel>
  <Factions>99999</Factions>
  
  <MailGrey>False</MailGrey>
  <MailWhite>True</MailWhite>
  <MailGreen>True</MailGreen>
  <MailBlue>True</MailBlue>
  <MailPurple>True</MailPurple>
 
  <SellGrey>True</SellGrey>
  <SellWhite>True</SellWhite>
  <SellGreen>False</SellGreen>
  <SellBlue>False</SellBlue>
  <SellPurple>False</SellPurple>

	<Vendors>
		<Vendor Name="Jalin Lakedeep" Entry="43380" Type="Repair" X="5180.91" Y="-1716.01" Z="1339.965" />
	</Vendors>
	
	<Mailboxes>
		<MailBox X="5135.588" Y="-1723.012" Z="1337.011" />
	</Mailboxes>

  <Hotspots>
    <Hotspot X="5304.556" Y="-1530.801" Z="1399.95" />
    <Hotspot X="5303.245" Y="-1600.661" Z="1478.304" />
    <Hotspot X="5301.653" Y="-1685.49" Z="1478.555" />
    <Hotspot X="5300.717" Y="-1735.389" Z="1478.703" />
    <Hotspot X="5299.781" Y="-1785.289" Z="1478.851" />
    <Hotspot X="5298.751" Y="-1840.178" Z="1427.434" />
    <Hotspot X="5297.815" Y="-1890.078" Z="1380.692" />
    <Hotspot X="5297.761" Y="-1892.971" Z="1377.982" />
    <Hotspot X="5280.554" Y="-1934.75" Z="1367.193" />
    <Hotspot X="5263.348" Y="-1976.53" Z="1341.787" />
    <Hotspot X="5240.979" Y="-2030.844" Z="1308.76" />
    <Hotspot X="5234.811" Y="-2045.821" Z="1299.653" />
    <Hotspot X="5189.151" Y="-2019.485" Z="1394.452" />
    <Hotspot X="5158.712" Y="-2001.928" Z="1400.46" />
    <Hotspot X="5146.476" Y="-1994.871" Z="1402.875" />
    <Hotspot X="5001.782" Y="-1998.465" Z="1411.58" />
    <Hotspot X="4975.564" Y="-1999.117" Z="1413.157" />
    <Hotspot X="5012.093" Y="-2032.635" Z="1406.664" />
    <Hotspot X="5048.622" Y="-2066.154" Z="1400.171" />
    <Hotspot X="5056.538" Y="-2073.419" Z="1398.764" />
    <Hotspot X="5093.368" Y="-2087.926" Z="1400.035" />
    <Hotspot X="5144.929" Y="-2108.235" Z="1326.102" />
    <Hotspot X="5146.006" Y="-2108.659" Z="1324.558" />
    <Hotspot X="5110.08" Y="-2148.911" Z="1402.62" />
    <Hotspot X="5082.444" Y="-2179.874" Z="1412.905" />
    <Hotspot X="5054.809" Y="-2210.837" Z="1421.655" />
    <Hotspot X="5047.478" Y="-2219.051" Z="1423.976" />
    <Hotspot X="5003.804" Y="-2246.229" Z="1404.51" />
    <Hotspot X="4964.101" Y="-2270.936" Z="1528.903" />
    <Hotspot X="4924.397" Y="-2295.643" Z="1443.318" />
    <Hotspot X="4884.694" Y="-2320.351" Z="1357.733" />
    <Hotspot X="4881" Y="-2322.649" Z="1349.772" />
    <Hotspot X="4857.144" Y="-2355.767" Z="1342.938" />
    <Hotspot X="4823.744" Y="-2402.132" Z="1295.276" />
    <Hotspot X="4799.887" Y="-2435.249" Z="1261.232" />
    <Hotspot X="4776.03" Y="-2468.367" Z="1227.188" />
    <Hotspot X="4755.293" Y="-2497.153" Z="1197.596" />
    <Hotspot X="4706.772" Y="-2499.564" Z="1185.766" />
    <Hotspot X="4661.295" Y="-2501.823" Z="1174.677" />
    <Hotspot X="4639.376" Y="-2546.583" Z="1170.658" />
    <Hotspot X="4617.458" Y="-2591.342" Z="1166.64" />
    <Hotspot X="4608.068" Y="-2610.517" Z="1164.918" />
    <Hotspot X="4654.821" Y="-2621.472" Z="1178.853" />
    <Hotspot X="4701.573" Y="-2632.427" Z="1192.787" />
    <Hotspot X="4734.908" Y="-2640.238" Z="1202.723" />
    <Hotspot X="4727.776" Y="-2756.336" Z="1303.248" />
    <Hotspot X="4724.805" Y="-2804.711" Z="1292.166" />
    <Hotspot X="4721.833" Y="-2853.086" Z="1281.085" />
    <Hotspot X="4715.593" Y="-2954.672" Z="1157.376" />
    <Hotspot X="4713.391" Y="-2990.519" Z="1113.723" />
    <Hotspot X="4717.601" Y="-3039.806" Z="1106.438" />
    <Hotspot X="4721.812" Y="-3089.093" Z="1099.152" />
    <Hotspot X="4723.583" Y="-3109.827" Z="1096.087" />
    <Hotspot X="4716.2" Y="-3158.755" Z="1089.457" />
    <Hotspot X="4708.816" Y="-3207.684" Z="1083.385" />
    <Hotspot X="4701.434" Y="-3256.613" Z="1074.987" />
    <Hotspot X="4698.894" Y="-3273.444" Z="1072.098" />
    <Hotspot X="4690.737" Y="-3327.694" Z="1068.172" />
    <Hotspot X="4683.322" Y="-3377.012" Z="1064.602" />
    <Hotspot X="4681.681" Y="-3387.929" Z="1063.812" />
    <Hotspot X="4638.076" Y="-3410.331" Z="1053.974" />
    <Hotspot X="4594.472" Y="-3432.733" Z="1044.135" />
    <Hotspot X="4559.371" Y="-3450.767" Z="1036.214" />
    <Hotspot X="4515.573" Y="-3474.145" Z="1042.153" />
    <Hotspot X="4492.553" Y="-3486.432" Z="1045.275" />
    <Hotspot X="4512.963" Y="-3529.134" Z="1030.299" />
    <Hotspot X="4527.661" Y="-3559.885" Z="1017.54" />
    <Hotspot X="4553.173" Y="-3602.023" Z="1008.966" />
    <Hotspot X="4578.685" Y="-3644.161" Z="1000.391" />
    <Hotspot X="4604.008" Y="-3685.986" Z="991.8801" />
    <Hotspot X="4623.716" Y="-3640.95" Z="1001.013" />
    <Hotspot X="4643.423" Y="-3595.915" Z="1010.145" />
    <Hotspot X="4645.441" Y="-3591.304" Z="1011.08" />
    <Hotspot X="4685.062" Y="-3621.697" Z="1008.538" />
    <Hotspot X="4724.683" Y="-3652.089" Z="1005.995" />
    <Hotspot X="4732.231" Y="-3657.879" Z="1005.511" />
    <Hotspot X="4747.273" Y="-3710.693" Z="1002.44" />
    <Hotspot X="4762.314" Y="-3763.507" Z="999.3698" />
    <Hotspot X="4769.557" Y="-3788.936" Z="997.8914" />
    <Hotspot X="4720.841" Y="-3789.829" Z="990.5186" />
    <Hotspot X="4672.125" Y="-3790.722" Z="975.958" />
    <Hotspot X="4664.693" Y="-3790.858" Z="973.7369" />
    <Hotspot X="4655.033" Y="-3880.313" Z="979.8202" />
    <Hotspot X="4653.368" Y="-3895.73" Z="976.2098" />
    <Hotspot X="4626.41" Y="-3937.766" Z="1031.302" />
    <Hotspot X="4599.451" Y="-3979.802" Z="1029.007" />
    <Hotspot X="4567.101" Y="-4030.245" Z="985.1426" />
    <Hotspot X="4553.708" Y="-4051.128" Z="966.983" />
    <Hotspot X="4504.153" Y="-4047.75" Z="972.7219" />
    <Hotspot X="4454.599" Y="-4044.372" Z="978.4608" />
    <Hotspot X="4429.133" Y="-4042.636" Z="981.4099" />
    <Hotspot X="4416.27" Y="-4090.863" Z="978.8222" />
    <Hotspot X="4406.483" Y="-4127.553" Z="976.2163" />
    <Hotspot X="4442.333" Y="-4160.034" Z="964.6529" />
    <Hotspot X="4492.524" Y="-4205.508" Z="948.3769" />
    <Hotspot X="4501.613" Y="-4213.743" Z="942.6817" />
    <Hotspot X="4483.306" Y="-4265.465" Z="952.3279" />
    <Hotspot X="4469.903" Y="-4303.331" Z="936.0369" />
    <Hotspot X="4519.787" Y="-4306.529" Z="934.8516" />
    <Hotspot X="4555.973" Y="-4308.85" Z="933.9918" />
    <Hotspot X="4572.718" Y="-4261.766" Z="933.6887" />
    <Hotspot X="4583.153" Y="-4232.425" Z="931.3311" />
    <Hotspot X="4622.802" Y="-4262.879" Z="930.7502" />
    <Hotspot X="4662.451" Y="-4293.334" Z="933.1939" />
    <Hotspot X="4676.018" Y="-4303.755" Z="929.6836" />
    <Hotspot X="4721.542" Y="-4283.314" Z="929.0714" />
    <Hotspot X="4767.066" Y="-4262.873" Z="923.7463" />
    <Hotspot X="4773.413" Y="-4260.023" Z="923.0038" />
    <Hotspot X="4755.936" Y="-4306.837" Z="926.3858" />
    <Hotspot X="4738.458" Y="-4353.652" Z="927.043" />
    <Hotspot X="4728.338" Y="-4380.758" Z="927.4236" />
    <Hotspot X="4753" Y="-4424.203" Z="925.341" />
    <Hotspot X="4759.823" Y="-4436.225" Z="924.7647" />
    <Hotspot X="4793.238" Y="-4479.713" Z="967.2979" />
    <Hotspot X="4826.652" Y="-4523.201" Z="929.3641" />
    <Hotspot X="4839.098" Y="-4539.399" Z="914.9089" />
    <Hotspot X="4824.574" Y="-4586.772" Z="908.2109" />
    <Hotspot X="4810.05" Y="-4634.145" Z="901.5129" />
    <Hotspot X="4805.123" Y="-4650.215" Z="899.2408" />
    <Hotspot X="4775.808" Y="-4690.106" Z="907.4421" />
    <Hotspot X="4746.494" Y="-4729.998" Z="913.6995" />
    <Hotspot X="4743.968" Y="-4733.434" Z="913.8926" />
    <Hotspot X="4715.522" Y="-4692.36" Z="915.851" />
    <Hotspot X="4687.077" Y="-4651.287" Z="917.8093" />
    <Hotspot X="4665.163" Y="-4619.645" Z="919.3179" />
    <Hotspot X="4655.359" Y="-4570.621" Z="918.6105" />
    <Hotspot X="4644.575" Y="-4516.694" Z="920.2056" />
    <Hotspot X="4634.771" Y="-4467.669" Z="917.4911" />
    <Hotspot X="4632.983" Y="-4458.728" Z="916.996" />
    <Hotspot X="4578.579" Y="-4454.752" Z="924.0222" />
    <Hotspot X="4524.175" Y="-4450.777" Z="944.4597" />
    <Hotspot X="4499.348" Y="-4448.962" Z="934.2546" />
    <Hotspot X="4503.371" Y="-4497.974" Z="925.2173" />
    <Hotspot X="4507.393" Y="-4546.986" Z="916.18" />
    <Hotspot X="4508.408" Y="-4559.354" Z="913.8994" />
    <Hotspot X="4460.928" Y="-4544.026" Z="917.1706" />
    <Hotspot X="4413.448" Y="-4528.698" Z="920.4418" />
    <Hotspot X="4386.098" Y="-4519.868" Z="922.326" />
    <Hotspot X="4365.063" Y="-4474.654" Z="927.9676" />
    <Hotspot X="4352.123" Y="-4446.839" Z="928.2028" />
    <Hotspot X="4346.371" Y="-4397.234" Z="931.03" />
    <Hotspot X="4340.798" Y="-4349.185" Z="933.0994" />
    <Hotspot X="4357.329" Y="-4302.316" Z="938.5797" />
    <Hotspot X="4373.86" Y="-4255.447" Z="946.0796" />
    <Hotspot X="4377.038" Y="-4246.436" Z="945.1136" />
    <Hotspot X="4236.175" Y="-4157.219" Z="1018.449" />
    <Hotspot X="4227.548" Y="-4151.754" Z="1017.075" />
    <Hotspot X="4275.095" Y="-4142.587" Z="1005.046" />
    <Hotspot X="4306.823" Y="-4136.469" Z="996.2983" />
    <Hotspot X="4333.397" Y="-4072.163" Z="1011.075" />
    <Hotspot X="4352.379" Y="-4026.231" Z="1010.728" />
    <Hotspot X="4356.653" Y="-4015.887" Z="1010.649" />
    <Hotspot X="4309.391" Y="-3999.779" Z="1008.041" />
    <Hotspot X="4262.129" Y="-3983.671" Z="1006.8" />
    <Hotspot X="4256.993" Y="-3981.921" Z="1005.148" />
    <Hotspot X="4245.252" Y="-3933.5" Z="1009.341" />
    <Hotspot X="4233.511" Y="-3885.079" Z="1016.646" />
    <Hotspot X="4219.421" Y="-3826.974" Z="1025.412" />
    <Hotspot X="4173.63" Y="-3638.134" Z="1053.901" />
    <Hotspot X="4159.541" Y="-3580.029" Z="1062.667" />
    <Hotspot X="4155.068" Y="-3561.583" Z="1041.546" />
    <Hotspot X="4148.427" Y="-3512.037" Z="1043.874" />
    <Hotspot X="4143.743" Y="-3477.091" Z="1043.315" />
    <Hotspot X="4093.917" Y="-3472.955" Z="1049.757" />
    <Hotspot X="4044.092" Y="-3468.819" Z="1046.001" />
    <Hotspot X="3994.266" Y="-3464.682" Z="1042.245" />
    <Hotspot X="3985.193" Y="-3463.929" Z="1041.561" />
    <Hotspot X="3971.414" Y="-3415.867" Z="1041.191" />
    <Hotspot X="3967.543" Y="-3402.365" Z="1041.086" />
    <Hotspot X="3927.355" Y="-3431.838" Z="1045.116" />
    <Hotspot X="3887.167" Y="-3461.312" Z="1049.146" />
    <Hotspot X="3868.546" Y="-3474.969" Z="1051.014" />
    <Hotspot X="3820.588" Y="-3448.298" Z="1054.723" />
    <Hotspot X="3800.596" Y="-3437.18" Z="1056.27" />
    <Hotspot X="3836.973" Y="-3403.163" Z="1051.852" />
    <Hotspot X="3873.351" Y="-3369.146" Z="1047.435" />
    <Hotspot X="3899.123" Y="-3345.046" Z="1044.305" />
    <Hotspot X="3900.246" Y="-3285.806" Z="1034.851" />
    <Hotspot X="3901.181" Y="-3236.439" Z="1026.973" />
    <Hotspot X="3902.117" Y="-3187.073" Z="1019.096" />
    <Hotspot X="3903.052" Y="-3137.706" Z="1011.218" />
    <Hotspot X="3903.653" Y="-3106.005" Z="1006.159" />
    <Hotspot X="3917.613" Y="-3110.79" Z="1006.311" />
    <Hotspot X="3938.552" Y="-3117.968" Z="1006.453" />
    <Hotspot X="3952.512" Y="-3122.753" Z="1006.548" />
    <Hotspot X="3966.471" Y="-3127.538" Z="1006.643" />
    <Hotspot X="3980.431" Y="-3132.323" Z="1006.738" />
    <Hotspot X="3994.39" Y="-3137.108" Z="1006.833" />
    <Hotspot X="4008.35" Y="-3141.893" Z="1006.928" />
    <Hotspot X="4022.309" Y="-3146.677" Z="606.5659" />
    <Hotspot X="4022.566" Y="-3146.765" Z="599.2136" />
    <Hotspot X="4026.567" Y="-3164.61" Z="981.2136" />
    <Hotspot X="4030.567" Y="-3182.454" Z="982.619" />
    <Hotspot X="4034.568" Y="-3200.299" Z="984.0244" />
    <Hotspot X="4038.569" Y="-3218.143" Z="985.4299" />
    <Hotspot X="4042.57" Y="-3235.988" Z="986.8353" />
    <Hotspot X="4046.571" Y="-3253.832" Z="985.3606" />
    <Hotspot X="4050.572" Y="-3271.677" Z="983.8859" />
    <Hotspot X="4054.573" Y="-3289.521" Z="982.4111" />
    <Hotspot X="4055.408" Y="-3293.247" Z="981.2136" />
    <Hotspot X="4089.357" Y="-3325.311" Z="999.0831" />
    <Hotspot X="4126.702" Y="-3360.582" Z="1021.102" />
    <Hotspot X="4160.651" Y="-3392.646" Z="1041.119" />
    <Hotspot X="4173.188" Y="-3404.488" Z="1043.208" />
    <Hotspot X="4222.329" Y="-3413.331" Z="1050.588" />
    <Hotspot X="4271.471" Y="-3422.174" Z="1050.696" />
    <Hotspot X="4314.75" Y="-3429.962" Z="1050.791" />
    <Hotspot X="4289.808" Y="-3386.628" Z="1050.704" />
    <Hotspot X="4268.318" Y="-3349.292" Z="1050.629" />
    <Hotspot X="4276.675" Y="-3300.232" Z="1055.46" />
    <Hotspot X="4285.033" Y="-3251.173" Z="1063.476" />
    <Hotspot X="4290.306" Y="-3220.218" Z="1063.339" />
    <Hotspot X="4318.633" Y="-3261.366" Z="1065.439" />
    <Hotspot X="4329.473" Y="-3277.112" Z="1066.243" />
    <Hotspot X="4382.003" Y="-3291.724" Z="1104.805" />
    <Hotspot X="4429.759" Y="-3305.008" Z="1139.146" />
    <Hotspot X="4491.84" Y="-3322.276" Z="1081.862" />
    <Hotspot X="4539.595" Y="-3335.56" Z="1037.798" />
    <Hotspot X="4540.118" Y="-3335.705" Z="1037.316" />
    <Hotspot X="4552.741" Y="-3287.329" Z="1039.261" />
    <Hotspot X="4560.503" Y="-3257.582" Z="1038.38" />
    <Hotspot X="4552.926" Y="-3203.403" Z="1048.07" />
    <Hotspot X="4545.349" Y="-3149.224" Z="1028.319" />
    <Hotspot X="4544.648" Y="-3144.218" Z="1026.494" />
    <Hotspot X="4546.971" Y="-3094.28" Z="1025.62" />
    <Hotspot X="4548.045" Y="-3071.189" Z="1025.216" />
    <Hotspot X="4585.17" Y="-3054.522" Z="1054.266" />
    <Hotspot X="4622.296" Y="-3037.854" Z="1083.316" />
    <Hotspot X="4639.778" Y="-3030.005" Z="1096.996" />
    <Hotspot X="4637.079" Y="-2981.428" Z="1108.53" />
    <Hotspot X="4633.03" Y="-2908.564" Z="1165.425" />
    <Hotspot X="4627.091" Y="-2801.695" Z="1248.87" />
    <Hotspot X="4624.392" Y="-2753.119" Z="1211.881" />
    <Hotspot X="4621.692" Y="-2704.542" Z="1174.891" />
    <Hotspot X="4621.658" Y="-2703.925" Z="1174.421" />
    <Hotspot X="4575.729" Y="-2694.673" Z="1166.514" />
    <Hotspot X="4529.801" Y="-2685.421" Z="1140.671" />
    <Hotspot X="4523.356" Y="-2684.123" Z="1137.044" />
    <Hotspot X="4474.076" Y="-2677.092" Z="1141.745" />
    <Hotspot X="4424.797" Y="-2670.061" Z="1146.445" />
    <Hotspot X="4388.363" Y="-2664.863" Z="1149.92" />
    <Hotspot X="4363.836" Y="-2621.295" Z="1150.968" />
    <Hotspot X="4340.798" Y="-2580.371" Z="1150.764" />
    <Hotspot X="4389.528" Y="-2569.682" Z="1154.102" />
    <Hotspot X="4443.131" Y="-2557.923" Z="1157.775" />
    <Hotspot X="4447.253" Y="-2557.019" Z="1158.057" />
    <Hotspot X="4492.57" Y="-2536.463" Z="1162.935" />
    <Hotspot X="4537.888" Y="-2515.908" Z="1167.917" />
    <Hotspot X="4538.986" Y="-2515.41" Z="1167.931" />
    <Hotspot X="4498.116" Y="-2486.607" Z="1168.173" />
    <Hotspot X="4453.16" Y="-2454.923" Z="1168.441" />
    <Hotspot X="4412.291" Y="-2426.12" Z="1168.684" />
    <Hotspot X="4386.098" Y="-2407.661" Z="1168.839" />
    <Hotspot X="4338.916" Y="-2391.14" Z="1177.839" />
    <Hotspot X="4277.58" Y="-2369.663" Z="1217.542" />
    <Hotspot X="4230.397" Y="-2353.143" Z="1222.485" />
    <Hotspot X="4183.216" Y="-2336.622" Z="1201.203" />
    <Hotspot X="4131.315" Y="-2318.449" Z="1177.792" />
    <Hotspot X="4098.443" Y="-2306.939" Z="1162.964" />
    <Hotspot X="4058.305" Y="-2277.127" Z="1162.615" />
    <Hotspot X="4038.421" Y="-2262.358" Z="1162.442" />
    <Hotspot X="4086.961" Y="-2273.94" Z="1165.562" />
    <Hotspot X="4135.501" Y="-2285.521" Z="1187.265" />
    <Hotspot X="4266.559" Y="-2316.79" Z="1245.861" />
    <Hotspot X="4315.1" Y="-2328.371" Z="1200.644" />
    <Hotspot X="4335.605" Y="-2333.264" Z="1181.542" />
    <Hotspot X="4383.323" Y="-2327.842" Z="1181.922" />
    <Hotspot X="4445.355" Y="-2320.794" Z="1150.956" />
    <Hotspot X="4452.196" Y="-2320.017" Z="1147.541" />
    <Hotspot X="4484.986" Y="-2386.105" Z="1164.095" />
    <Hotspot X="4491.421" Y="-2399.074" Z="1163.686" />
    <Hotspot X="4539.063" Y="-2383.904" Z="1163.892" />
    <Hotspot X="4574.093" Y="-2372.75" Z="1164.044" />
    <Hotspot X="4584.796" Y="-2376.166" Z="1163.25" />
    <Hotspot X="4601.922" Y="-2381.632" Z="1178.238" />
    <Hotspot X="4612.625" Y="-2385.049" Z="1187.606" />
    <Hotspot X="4623.328" Y="-2388.465" Z="1187.554" />
    <Hotspot X="4634.031" Y="-2391.881" Z="1187.503" />
    <Hotspot X="4644.734" Y="-2395.297" Z="1187.451" />
    <Hotspot X="4655.438" Y="-2398.714" Z="1187.399" />
    <Hotspot X="4657.898" Y="-2399.499" Z="782.563" />
    <Hotspot X="4664.7" Y="-2393.124" Z="831.6863" />
    <Hotspot X="4671.501" Y="-2386.749" Z="1189.406" />
    <Hotspot X="4678.303" Y="-2380.374" Z="1192.18" />
    <Hotspot X="4685.105" Y="-2373.999" Z="1194.955" />
    <Hotspot X="4691.907" Y="-2367.624" Z="1197.729" />
    <Hotspot X="4698.708" Y="-2361.249" Z="1200.504" />
    <Hotspot X="4705.51" Y="-2354.874" Z="1203.278" />
    <Hotspot X="4712.312" Y="-2348.499" Z="1206.053" />
    <Hotspot X="4716.788" Y="-2344.303" Z="1207.879" />
    <Hotspot X="4726.135" Y="-2295.604" Z="1214.327" />
    <Hotspot X="4735.482" Y="-2246.905" Z="1220.7" />
    <Hotspot X="4738.872" Y="-2229.241" Z="1223.012" />
    <Hotspot X="4735.576" Y="-2180.105" Z="1233.594" />
    <Hotspot X="4732.28" Y="-2130.97" Z="1241.242" />
    <Hotspot X="4729.246" Y="-2085.732" Z="1248.283" />
    <Hotspot X="4663.412" Y="-2146.866" Z="1184.812" />
    <Hotspot X="4655.633" Y="-2154.09" Z="1177.313" />
    <Hotspot X="4607.68" Y="-2187.306" Z="1191.352" />
    <Hotspot X="4596.177" Y="-2195.274" Z="1194.719" />
    <Hotspot X="4605.608" Y="-2155.476" Z="1223.48" />
    <Hotspot X="4615.039" Y="-2115.678" Z="1265.022" />
    <Hotspot X="4620.526" Y="-2092.525" Z="1268.972" />
    <Hotspot X="4560.833" Y="-2090.568" Z="1243.322" />
    <Hotspot X="4516.902" Y="-2089.128" Z="1224.444" />
    <Hotspot X="4468.705" Y="-2077.564" Z="1235.97" />
    <Hotspot X="4420.508" Y="-2066" Z="1240.652" />
    <Hotspot X="4389.496" Y="-2058.558" Z="1241.842" />
    <Hotspot X="4430.792" Y="-2030.409" Z="1242.527" />
    <Hotspot X="4458.012" Y="-2011.854" Z="1239.367" />
    <Hotspot X="4469.162" Y="-1964.479" Z="1251.895" />
    <Hotspot X="4476.698" Y="-1932.457" Z="1258.569" />
    <Hotspot X="4502.314" Y="-1890.685" Z="1268.514" />
    <Hotspot X="4527.931" Y="-1848.913" Z="1278.459" />
    <Hotspot X="4535.022" Y="-1837.35" Z="1281.212" />
    <Hotspot X="4549.911" Y="-1790.618" Z="1290.926" />
    <Hotspot X="4564.801" Y="-1743.885" Z="1300.753" />
    <Hotspot X="4572.287" Y="-1720.389" Z="1305.524" />
    <Hotspot X="4613.837" Y="-1692.754" Z="1322.338" />
    <Hotspot X="4655.388" Y="-1665.118" Z="1314.539" />
    <Hotspot X="4665.826" Y="-1658.176" Z="1312.58" />
    <Hotspot X="4700.456" Y="-1623.131" Z="1321.561" />
    <Hotspot X="4735.085" Y="-1588.086" Z="1330.65" />
    <Hotspot X="4746.799" Y="-1576.232" Z="1332.504" />
    <Hotspot X="4791.37" Y="-1557.858" Z="1345.767" />
    <Hotspot X="4835.94" Y="-1539.485" Z="1359.78" />
    <Hotspot X="4877.603" Y="-1522.31" Z="1371.429" />
    <Hotspot X="4881.825" Y="-1571.452" Z="1363.229" />
    <Hotspot X="4886.046" Y="-1620.594" Z="1355.03" />
    <Hotspot X="4889.494" Y="-1660.724" Z="1348.334" />
    <Hotspot X="4937.37" Y="-1634.25" Z="1358.632" />
    <Hotspot X="4980.894" Y="-1610.182" Z="1362.319" />
    <Hotspot X="5024.417" Y="-1586.115" Z="1366.007" />
    <Hotspot X="5067.941" Y="-1562.047" Z="1369.694" />
    <Hotspot X="5076.074" Y="-1557.55" Z="1370.383" />
    <Hotspot X="5051.907" Y="-1513.935" Z="1367.888" />
    <Hotspot X="5027.741" Y="-1470.319" Z="1363.001" />
    <Hotspot X="5027.376" Y="-1469.661" Z="1362.927" />
    <Hotspot X="5059.959" Y="-1432.438" Z="1370.195" />
    <Hotspot X="5092.542" Y="-1395.215" Z="1377.462" />
    <Hotspot X="5125.125" Y="-1357.992" Z="1384.73" />
    <Hotspot X="5147.421" Y="-1332.521" Z="1389.703" />
    <Hotspot X="5181.522" Y="-1369.083" Z="1389.129" />
    <Hotspot X="5206.028" Y="-1395.359" Z="1388.717" />
    <Hotspot X="5203.328" Y="-1445.171" Z="1385.654" />
    <Hotspot X="5200.627" Y="-1494.983" Z="1381.968" />
    <Hotspot X="5200.366" Y="-1499.807" Z="1381.611" />
    <Hotspot X="5242.802" Y="-1474.995" Z="1390.754" />
    <Hotspot X="5285.237" Y="-1450.184" Z="1399.897" />
    <Hotspot X="5295.496" Y="-1444.186" Z="1402.108" />
  </Hotspots>
</HBProfile>
