﻿<?xml version="1.0" encoding="utf-8" ?>

<DungeonBuddyProfile>
  <Name>The Headless Horseman</Name>
  <DungeonId>285</DungeonId>
  <BossEncounters>
    <Boss isFinal="true" entry="23682" name="Headless Horseman" killOrder="1" optional="false"  X="1123.402" Y="595.3008" Z="1.07166" />
  </BossEncounters>
  <Blackspots>
    <!-- Temp Blackspot for when I come acrossed them
    <Blackspot X="-101.3791" Y="-703.8368" Z="9.095623" Radius="3.363508" />-->
  </Blackspots>
  <PullBlackspots>
  </PullBlackspots>
</DungeonBuddyProfile>