﻿<?xml version="1.0" encoding="utf-8" ?>
<DungeonBuddyProfile>
  <Name>Domination Point</Name>
  <DungeonId>595</DungeonId>
  <BossEncounters>
    <Boss isFinal="true" entry="67530" name="Joan Lorraine" killOrder="1" optional="false" X="-1920.522" Y="2392.082" Z="6.73528"/>
  </BossEncounters>
  <Blackspots>
    <!-- Temp Blackspot for when I come acrossed them
    <Blackspot X="-101.3791" Y="-703.8368" Z="9.095623" Radius="3.363508" />-->
  </Blackspots>
  <PullBlackspots>

  </PullBlackspots>
</DungeonBuddyProfile>