﻿<?xml version="1.0" encoding="utf-8" ?>
<DungeonBuddyProfile>
  <Name>The Secrets of Ragefire Heroic</Name>
  <DungeonId>625</DungeonId>
  <BossEncounters>
    <Boss isFinal="false" entry="70683" name="Dark Shaman Xorenth" killOrder="1" optional="false" X="1432.769" Y="994.5443" Z="34.36386"/>
    <Boss isFinal="true" entry="71030" name="Overseer Elaglo" killOrder="2" optional="false" X="1449.23" Y="1054.55" Z="34.10159"/>
  </BossEncounters>
  <Blackspots>
    <!-- Temp Blackspot for when I come acrossed them
    <Blackspot X="-101.3791" Y="-703.8368" Z="9.095623" Radius="3.363508" />-->
  </Blackspots>
  <PullBlackspots>

  </PullBlackspots>
</DungeonBuddyProfile>