﻿<?xml version="1.0" encoding="utf-8" ?>

<DungeonBuddyProfile>
  <Name>Bloodmaul Slag Mines</Name>
  <DungeonId>787</DungeonId>
  <BossEncounters>
    <Boss isFinal="false" entry="74366" name="Forgemaster Gog'duh" killOrder="1" optional="false" X="2081.903" Y="114.3802" Z="224.8283"/>
    <Boss isFinal="false" entry="74475" name="Magmolatus" killOrder="1" optional="false" X="2082.512" Y="136.9653" Z="226.6644"/>
    <Boss isFinal="false" entry="74787" name="Slave Watcher Crushto" killOrder="1" optional="false" X="2038.233" Y="-365.8993" Z="223.1271"/>
  </BossEncounters>
  <Blackspots>
  </Blackspots>
  <PullBlackspots>
  </PullBlackspots>
</DungeonBuddyProfile>