﻿<?xml version="1.0" encoding="utf-8"?>
<WeightSet Class="Monk" Specialization="1" Name="Monk-Brewmaster">
  <DPS>22</DPS>
  <ExpertiseRating>20</ExpertiseRating>
  <HitRating>19</HitRating>
  <Agility>18</Agility>
  <Stamina>17</Stamina>
  <Mastery>16</Mastery>
  <DodgeRating>14</DodgeRating>
  <CriticalStrikeRating>14</CriticalStrikeRating>
  <HasteRating>12</HasteRating>
  <AttackPower>10</AttackPower>

	<!-- Those are for low level characters -->
	<Armor>0.01</Armor>
</WeightSet>
<!-- Updated 11/20/13 -->