﻿<?xml version="1.0" encoding="utf-8"?>
<ClassProfile Class="Druid" Specialization="4" Name="Druid - Restoration">
	<TalentTree>
		<Talent Tier="1" Index="1" Name="Feline Swiftness" />
		<Talent Tier="2" Index="3" Name="Cenarion Ward" />
		<Talent Tier="3" Index="3" Name="Typhoon" />
		<Talent Tier="4" Index="3" Name="Force of Nature" />
		<Talent Tier="5" Index="3" Name="Mighty Bash" />
		<Talent Tier="6" Index="3" Name="Nature's Vigil" />
	</TalentTree>
	<WeightSet>
		<DamagePerSecond>0.01</DamagePerSecond>
		
		<Intellect>20</Intellect>
		<Stamina>5</Stamina>

		<Haste>16</Haste>
		<Mastery>15</Mastery>
		<Multistrike>13</Multistrike>
		<Versatility>12</Versatility>
		<Spirit>11</Spirit>
		<CriticalStrike>10</CriticalStrike>
		<SpellPower>9</SpellPower>

		<Armor>0.01</Armor>
	</WeightSet>
</ClassProfile>