<HBProfile>
  <Name></Name>
  <MinDurability>0.4</MinDurability>
  <MinFreeBagSlots>1</MinFreeBagSlots>
  
  <MinLevel>1</MinLevel>
  <MaxLevel>91</MaxLevel>
  <Factions>99999</Factions>
  
  <MailGrey>False</MailGrey>
  <MailWhite>True</MailWhite>
  <MailGreen>True</MailGreen>
  <MailBlue>True</MailBlue>
  <MailPurple>True</MailPurple>
 
  <SellGrey>True</SellGrey>
  <SellWhite>True</SellWhite>
  <SellGreen>False</SellGreen>
  <SellBlue>False</SellBlue>
  <SellPurple>False</SellPurple>

	<Vendors>
		<Vendor Name="Singegruff" Entry="56705" Type="Repair" X="1528.802" Y="-1806.385" Z="246.2003" />
	</Vendors>
	
	<Mailboxes>
		<Mailbox X="1608.68" Y="-1791.163" Z="260.3225" />
		<Mailbox X="2560.761" Y="-1448.452" Z="406.1157" />
	</Mailboxes>

  <Hotspots>
    <Hotspot X="2778.961" Y="-2050.757" Z="225.4871" />
    <Hotspot X="2826.054" Y="-2034.173" Z="222.7926" />
    <Hotspot X="2870.183" Y="-2018.634" Z="220.2677" />
    <Hotspot X="2865.818" Y="-1970.736" Z="241.8798" />
    <Hotspot X="2862.736" Y="-1936.929" Z="243.5814" />
    <Hotspot X="2892.049" Y="-1897.457" Z="252.6805" />
    <Hotspot X="2927.224" Y="-1850.092" Z="268.0107" />
    <Hotspot X="2935.341" Y="-1839.162" Z="266.1192" />
    <Hotspot X="2886.722" Y="-1850.563" Z="263.9953" />
    <Hotspot X="2838.104" Y="-1861.965" Z="261.2189" />
    <Hotspot X="2837.705" Y="-1862.058" Z="261.1118" />
    <Hotspot X="2815.339" Y="-1818.301" Z="270.3325" />
    <Hotspot X="2792.972" Y="-1774.543" Z="279.5532" />
    <Hotspot X="2777.1" Y="-1743.49" Z="286.0967" />
    <Hotspot X="2752.739" Y="-1786.439" Z="289.3677" />
    <Hotspot X="2728.378" Y="-1829.388" Z="272.8763" />
    <Hotspot X="2721.25" Y="-1841.955" Z="268.0505" />
    <Hotspot X="2725.471" Y="-1889.857" Z="254.8441" />
    <Hotspot X="2728.696" Y="-1926.453" Z="243.8891" />
    <Hotspot X="2679.043" Y="-1931.691" Z="246.5963" />
    <Hotspot X="2629.39" Y="-1936.928" Z="249.2432" />
    <Hotspot X="2604.286" Y="-1939.576" Z="250.5814" />
    <Hotspot X="2590.606" Y="-1897.288" Z="310.9743" />
    <Hotspot X="2579.206" Y="-1862.048" Z="326.5379" />
    <Hotspot X="2577.901" Y="-1858.017" Z="328.3184" />
    <Hotspot X="2550.697" Y="-1885.23" Z="315.2423" />
    <Hotspot X="2520.771" Y="-1915.164" Z="263.6417" />
    <Hotspot X="2516.466" Y="-1919.47" Z="256.2186" />
    <Hotspot X="2501.98" Y="-1966.926" Z="250.0464" />
    <Hotspot X="2488.541" Y="-2010.952" Z="244.3204" />
    <Hotspot X="2451.831" Y="-1977.006" Z="244.0545" />
    <Hotspot X="2415.121" Y="-1943.061" Z="243.7886" />
    <Hotspot X="2408.49" Y="-1936.929" Z="243.7406" />
    <Hotspot X="2420.376" Y="-1878.967" Z="253.979" />
    <Hotspot X="2425.245" Y="-1855.224" Z="257.7751" />
    <Hotspot X="2375.889" Y="-1863.158" Z="258.81" />
    <Hotspot X="2326.533" Y="-1871.093" Z="259.8448" />
    <Hotspot X="2294.928" Y="-1876.173" Z="260.5075" />
    <Hotspot X="2309.371" Y="-1835.721" Z="262.6038" />
    <Hotspot X="2322.853" Y="-1797.96" Z="211.0261" />
    <Hotspot X="2295.604" Y="-1756.223" Z="265.3916" />
    <Hotspot X="2278.173" Y="-1729.523" Z="217.492" />
    <Hotspot X="2318.913" Y="-1700.552" Z="353.0599" />
    <Hotspot X="2367.533" Y="-1665.975" Z="215.407" />
    <Hotspot X="2343.758" Y="-1643.165" Z="253.0159" />
    <Hotspot X="2319.983" Y="-1620.354" Z="404.9292" />
    <Hotspot X="2296.208" Y="-1597.544" Z="387.3655" />
    <Hotspot X="2270.726" Y="-1573.097" Z="368.5415" />
    <Hotspot X="2310.066" Y="-1543.72" Z="389.9327" />
    <Hotspot X="2361.208" Y="-1505.53" Z="424.3003" />
    <Hotspot X="2404.482" Y="-1473.215" Z="421.3876" />
    <Hotspot X="2443.822" Y="-1443.838" Z="418.7397" />
    <Hotspot X="2471.786" Y="-1422.955" Z="416.8574" />
    <Hotspot X="2514.479" Y="-1396.932" Z="417.1627" />
    <Hotspot X="2546.253" Y="-1377.564" Z="417.3599" />
    <Hotspot X="2506.907" Y="-1346.754" Z="418.216" />
    <Hotspot X="2459.693" Y="-1309.783" Z="415.1667" />
    <Hotspot X="2420.347" Y="-1278.973" Z="412.6255" />
    <Hotspot X="2397.32" Y="-1260.942" Z="411.1383" />
    <Hotspot X="2390.18" Y="-1211.846" Z="417.3544" />
    <Hotspot X="2386.149" Y="-1184.125" Z="420.8641" />
    <Hotspot X="2335.33" Y="-1217.615" Z="386.2836" />
    <Hotspot X="2317.268" Y="-1229.517" Z="373.9934" />
    <Hotspot X="2270.651" Y="-1191.869" Z="450.1518" />
    <Hotspot X="2216.265" Y="-1147.947" Z="489.2832" />
    <Hotspot X="2177.417" Y="-1116.574" Z="418.1495" />
    <Hotspot X="2159.026" Y="-1101.722" Z="384.4736" />
    <Hotspot X="2134.07" Y="-1030.9" Z="425.1005" />
    <Hotspot X="2119.389" Y="-989.2404" Z="447.8755" />
    <Hotspot X="2116.208" Y="-980.212" Z="452.8112" />
    <Hotspot X="2084.358" Y="-984.5333" Z="544.8189" />
    <Hotspot X="2052.508" Y="-988.8546" Z="557.6489" />
    <Hotspot X="2028.71" Y="-992.0835" Z="558.0308" />
    <Hotspot X="2042.776" Y="-939.3205" Z="551.457" />
    <Hotspot X="2052.911" Y="-901.3003" Z="546.7201" />
    <Hotspot X="2043.714" Y="-865.2325" Z="546.7201" />
    <Hotspot X="2033.597" Y="-825.5579" Z="480.0582" />
    <Hotspot X="2032.433" Y="-820.9919" Z="472.3864" />
    <Hotspot X="2015.631" Y="-782.2764" Z="429.739" />
    <Hotspot X="2000.23" Y="-746.7871" Z="390.6455" />
    <Hotspot X="1993.338" Y="-730.9068" Z="373.1524" />
    <Hotspot X="2041.752" Y="-726.4099" Z="384.8073" />
    <Hotspot X="2090.167" Y="-721.913" Z="396.7895" />
    <Hotspot X="2138.581" Y="-717.416" Z="408.7715" />
    <Hotspot X="2186.995" Y="-712.9191" Z="420.7536" />
    <Hotspot X="2188.813" Y="-712.7502" Z="420.2099" />
    <Hotspot X="2160.207" Y="-753.6896" Z="422.588" />
    <Hotspot X="2131.601" Y="-794.6289" Z="424.9932" />
    <Hotspot X="2128.41" Y="-799.1952" Z="425.2313" />
    <Hotspot X="2158.959" Y="-834.371" Z="544.6048" />
    <Hotspot X="2192.563" Y="-873.0643" Z="531.1538" />
    <Hotspot X="2213.331" Y="-896.9772" Z="475.6837" />
    <Hotspot X="2272.129" Y="-844.3047" Z="582.3265" />
    <Hotspot X="2338.277" Y="-785.048" Z="484.7914" />
    <Hotspot X="2367.533" Y="-758.8402" Z="441.6541" />
    <Hotspot X="2412.294" Y="-748.2863" Z="422.0314" />
    <Hotspot X="2457.055" Y="-737.7323" Z="402.4088" />
    <Hotspot X="2465.271" Y="-735.7953" Z="398.8075" />
    <Hotspot X="2513.019" Y="-736.1316" Z="391.702" />
    <Hotspot X="2560.768" Y="-736.4679" Z="381.8792" />
    <Hotspot X="2637.166" Y="-737.006" Z="348.6838" />
    <Hotspot X="2663.538" Y="-737.1918" Z="337.2249" />
    <Hotspot X="2711.622" Y="-726.9866" Z="338.826" />
    <Hotspot X="2774.132" Y="-713.7199" Z="341.5587" />
    <Hotspot X="2805.025" Y="-707.1635" Z="310.2988" />
    <Hotspot X="2849.333" Y="-692.4607" Z="292.3936" />
    <Hotspot X="2893.641" Y="-677.7579" Z="274.4883" />
    <Hotspot X="2901.831" Y="-675.0402" Z="271.1787" />
    <Hotspot X="2942.367" Y="-704.2181" Z="270.4491" />
    <Hotspot X="2970.713" Y="-724.6218" Z="267.1904" />
    <Hotspot X="3007.372" Y="-758.3448" Z="262.8426" />
    <Hotspot X="3044.03" Y="-792.0677" Z="258.4948" />
    <Hotspot X="3048.903" Y="-796.5502" Z="257.9169" />
    <Hotspot X="3098.753" Y="-792.6814" Z="257.8311" />
    <Hotspot X="3129.885" Y="-790.2652" Z="257.7775" />
    <Hotspot X="3149.276" Y="-830.9222" Z="279.4807" />
    <Hotspot X="3166.188" Y="-866.3835" Z="298.4103" />
    <Hotspot X="3117.076" Y="-874.9807" Z="298.4103" />
    <Hotspot X="3067.964" Y="-883.5779" Z="292.6199" />
    <Hotspot X="3026.563" Y="-890.8253" Z="287.7387" />
    <Hotspot X="3046.986" Y="-934.7911" Z="299.983" />
    <Hotspot X="3069.381" Y="-983.0051" Z="313.4103" />
    <Hotspot X="3025.476" Y="-988.8672" Z="290.2165" />
    <Hotspot X="2981.571" Y="-994.7292" Z="267.0226" />
    <Hotspot X="2959.543" Y="-997.6703" Z="255.3861" />
    <Hotspot X="2913.04" Y="-997.6703" Z="273.7556" />
    <Hotspot X="2866.536" Y="-997.6703" Z="294.8385" />
    <Hotspot X="2855.29" Y="-997.6703" Z="296.5678" />
    <Hotspot X="2815.907" Y="-973.4965" Z="315.6636" />
    <Hotspot X="2776.525" Y="-949.3228" Z="370.3478" />
    <Hotspot X="2737.142" Y="-925.149" Z="357.6658" />
    <Hotspot X="2732.42" Y="-922.2502" Z="356.1451" />
    <Hotspot X="2682.949" Y="-916.8893" Z="364.0483" />
    <Hotspot X="2648.645" Y="-913.1719" Z="364.42" />
    <Hotspot X="2606.915" Y="-938.4581" Z="382.3963" />
    <Hotspot X="2576.04" Y="-957.1669" Z="383.4181" />
    <Hotspot X="2608.5" Y="-995.1571" Z="386.8741" />
    <Hotspot X="2640.961" Y="-1033.147" Z="383.0703" />
    <Hotspot X="2669.123" Y="-1066.107" Z="378.4091" />
    <Hotspot X="2641.575" Y="-1106.867" Z="387.3367" />
    <Hotspot X="2614.027" Y="-1147.627" Z="396.2643" />
    <Hotspot X="2602.103" Y="-1165.27" Z="400.1285" />
    <Hotspot X="2642.459" Y="-1194.789" Z="401.1148" />
    <Hotspot X="2676.57" Y="-1219.74" Z="400.3592" />
    <Hotspot X="2702.482" Y="-1180.86" Z="383.0341" />
    <Hotspot X="2728.395" Y="-1141.979" Z="370.4159" />
    <Hotspot X="2736.143" Y="-1130.354" Z="359.4355" />
    <Hotspot X="2782.886" Y="-1122.561" Z="343.4882" />
    <Hotspot X="2829.63" Y="-1114.768" Z="329.6388" />
    <Hotspot X="2870.183" Y="-1108.007" Z="313.7055" />
    <Hotspot X="2905.581" Y="-1160.57" Z="318.8401" />
    <Hotspot X="2940.978" Y="-1213.134" Z="403.4095" />
    <Hotspot X="2981.822" Y="-1273.784" Z="305.7631" />
    <Hotspot X="3000.822" Y="-1301.998" Z="260.3388" />
    <Hotspot X="3028.653" Y="-1343.192" Z="274.609" />
    <Hotspot X="3043.001" Y="-1364.428" Z="268.4236" />
    <Hotspot X="2990.736" Y="-1381.071" Z="274.9062" />
    <Hotspot X="2943.221" Y="-1396.2" Z="276.2772" />
    <Hotspot X="2940.341" Y="-1397.117" Z="276.3603" />
    <Hotspot X="2896.883" Y="-1434.62" Z="293.8204" />
    <Hotspot X="2868.321" Y="-1459.269" Z="305.2955" />
    <Hotspot X="2869.266" Y="-1509.259" Z="308.8149" />
    <Hotspot X="2870.183" Y="-1557.734" Z="305.6969" />
    <Hotspot X="2860.854" Y="-1605.714" Z="296.9507" />
    <Hotspot X="2854.705" Y="-1637.344" Z="288.2268" />
    <Hotspot X="2894.34" Y="-1667.561" Z="285.2626" />
    <Hotspot X="2933.479" Y="-1697.4" Z="280.2999" />
    <Hotspot X="2940.82" Y="-1647.978" Z="283.0867" />
    <Hotspot X="2945.926" Y="-1613.6" Z="283.4873" />
    <Hotspot X="2993.695" Y="-1612.299" Z="269.6968" />
    <Hotspot X="3022.84" Y="-1611.505" Z="259.7999" />
    <Hotspot X="3055.618" Y="-1574.108" Z="255.5518" />
    <Hotspot X="3065.073" Y="-1563.32" Z="253.1025" />
    <Hotspot X="3024.885" Y="-1533.704" Z="255.8959" />
    <Hotspot X="2993.053" Y="-1510.247" Z="258.1085" />
    <Hotspot X="3038.719" Y="-1493.117" Z="247.099" />
    <Hotspot X="3084.385" Y="-1475.987" Z="236.2311" />
    <Hotspot X="3108.476" Y="-1466.95" Z="230.2812" />
    <Hotspot X="3135.277" Y="-1425.062" Z="235.4883" />
    <Hotspot X="3153.156" Y="-1397.117" Z="238.9621" />
    <Hotspot X="3184.209" Y="-1357.936" Z="243.1394" />
    <Hotspot X="3194.113" Y="-1345.44" Z="237.9482" />
    <Hotspot X="3260.614" Y="-1323.821" Z="234.7563" />
    <Hotspot X="3305.813" Y="-1309.127" Z="232.5668" />
    <Hotspot X="3305.43" Y="-1254.751" Z="231.7471" />
    <Hotspot X="3305.228" Y="-1226.025" Z="219.9513" />
    <Hotspot X="3255.683" Y="-1227.045" Z="235.537" />
    <Hotspot X="3206.138" Y="-1228.064" Z="233.7172" />
    <Hotspot X="3203.421" Y="-1228.12" Z="233.6174" />
    <Hotspot X="3155.195" Y="-1241.042" Z="230.9285" />
    <Hotspot X="3112.2" Y="-1252.562" Z="228.5314" />
    <Hotspot X="3079.29" Y="-1215.177" Z="232.9283" />
    <Hotspot X="3046.38" Y="-1177.793" Z="237.3253" />
    <Hotspot X="3042.733" Y="-1173.65" Z="237.8125" />
    <Hotspot X="3023.846" Y="-1127.822" Z="247.7135" />
    <Hotspot X="3015.393" Y="-1107.308" Z="247.3105" />
    <Hotspot X="3065.089" Y="-1101.808" Z="247.344" />
    <Hotspot X="3114.786" Y="-1096.307" Z="247.3775" />
    <Hotspot X="3128.955" Y="-1094.739" Z="247.3871" />
    <Hotspot X="3165.94" Y="-1062.847" Z="258.1133" />
    <Hotspot X="3214.021" Y="-1021.389" Z="312.868" />
    <Hotspot X="3251.006" Y="-989.4976" Z="297.6963" />
    <Hotspot X="3272.303" Y="-971.1335" Z="288.9599" />
    <Hotspot X="3315.459" Y="-947.327" Z="288.0491" />
    <Hotspot X="3335.6" Y="-936.2169" Z="276.6211" />
    <Hotspot X="3312.738" Y="-891.7504" Z="276.3611" />
    <Hotspot X="3289.876" Y="-847.2838" Z="276.157" />
    <Hotspot X="3285.335" Y="-838.4503" Z="276.0495" />
    <Hotspot X="3335.044" Y="-833.0635" Z="276.2056" />
    <Hotspot X="3369.11" Y="-829.3719" Z="276.0495" />
    <Hotspot X="3349.628" Y="-785.5245" Z="276.202" />
    <Hotspot X="3330.146" Y="-741.6772" Z="251.5338" />
    <Hotspot X="3323.499" Y="-726.7169" Z="243.1172" />
    <Hotspot X="3275.878" Y="-712.4266" Z="249.9159" />
    <Hotspot X="3249.032" Y="-704.3703" Z="251.4052" />
    <Hotspot X="3221.308" Y="-744.4467" Z="267.8444" />
    <Hotspot X="3210.868" Y="-759.5386" Z="266.8117" />
    <Hotspot X="3205.995" Y="-710.1868" Z="265.2003" />
    <Hotspot X="3201.122" Y="-660.8349" Z="255.1381" />
    <Hotspot X="3199.698" Y="-646.4086" Z="252.1967" />
    <Hotspot X="3233.483" Y="-610.4697" Z="263.4238" />
    <Hotspot X="3262.064" Y="-580.067" Z="267.3038" />
    <Hotspot X="3248.686" Y="-531.8907" Z="267.0235" />
    <Hotspot X="3238.793" Y="-496.267" Z="266.8162" />
    <Hotspot X="3188.899" Y="-497.2808" Z="269.9134" />
    <Hotspot X="3134.016" Y="-498.3959" Z="309.0879" />
    <Hotspot X="3064.165" Y="-499.8151" Z="358.9463" />
    <Hotspot X="2974.356" Y="-501.6399" Z="337.698" />
    <Hotspot X="2924.463" Y="-502.6536" Z="325.8934" />
    <Hotspot X="2874.569" Y="-503.6674" Z="314.0888" />
    <Hotspot X="2809.707" Y="-504.9853" Z="298.7429" />
    <Hotspot X="2791.993" Y="-505.3452" Z="294.5517" />
    <Hotspot X="2800.664" Y="-554.1366" Z="287.9029" />
    <Hotspot X="2806.886" Y="-589.1451" Z="283.1323" />
    <Hotspot X="2778.674" Y="-628.6264" Z="295.1873" />
    <Hotspot X="2758.483" Y="-656.8835" Z="303.8152" />
    <Hotspot X="2711.158" Y="-658.5858" Z="319.8612" />
    <Hotspot X="2663.833" Y="-660.2881" Z="335.9071" />
    <Hotspot X="2622.581" Y="-661.772" Z="349.8941" />
    <Hotspot X="2588.407" Y="-627.8636" Z="367.1257" />
    <Hotspot X="2564.87" Y="-604.5085" Z="372.7001" />
    <Hotspot X="2530.632" Y="-639.8262" Z="383.7927" />
    <Hotspot X="2512.743" Y="-658.2802" Z="386.3575" />
    <Hotspot X="2478.755" Y="-621.8918" Z="385.9482" />
    <Hotspot X="2441.368" Y="-581.8646" Z="378.1449" />
    <Hotspot X="2423.383" Y="-562.6086" Z="374.3909" />
    <Hotspot X="2409.997" Y="-610.0518" Z="382.7547" />
    <Hotspot X="2396.61" Y="-657.495" Z="391.2512" />
    <Hotspot X="2396.389" Y="-658.2802" Z="391.2569" />
    <Hotspot X="2348.561" Y="-643.7117" Z="391.7545" />
    <Hotspot X="2300.733" Y="-629.1431" Z="393.4175" />
    <Hotspot X="2272.588" Y="-620.5701" Z="392.545" />
    <Hotspot X="2290.639" Y="-574.1346" Z="388.555" />
    <Hotspot X="2309.236" Y="-526.2953" Z="383.9565" />
    <Hotspot X="2332.738" Y="-482.6704" Z="377.2825" />
    <Hotspot X="2347.985" Y="-454.3669" Z="372.9524" />
    <Hotspot X="2397.497" Y="-449.3888" Z="372.6801" />
    <Hotspot X="2438.276" Y="-445.2885" Z="364.0455" />
    <Hotspot X="2451.766" Y="-397.8831" Z="355.6338" />
    <Hotspot X="2464.34" Y="-353.6952" Z="347.793" />
    <Hotspot X="2443.771" Y="-308.1274" Z="348.5152" />
    <Hotspot X="2423.203" Y="-262.5596" Z="349.7676" />
    <Hotspot X="2421.521" Y="-258.8336" Z="349.2964" />
    <Hotspot X="2396.004" Y="-301.8094" Z="352.3223" />
    <Hotspot X="2375.91" Y="-335.6503" Z="346.8012" />
    <Hotspot X="2322.345" Y="-348.1218" Z="362.5754" />
    <Hotspot X="2294.928" Y="-354.5053" Z="346.033" />
    <Hotspot X="2275.376" Y="-393.1978" Z="370.9454" />
    <Hotspot X="2253.87" Y="-435.7595" Z="401.0456" />
    <Hotspot X="2251.525" Y="-440.4002" Z="401.3371" />
    <Hotspot X="2255.031" Y="-385.9572" Z="376.3637" />
    <Hotspot X="2257.952" Y="-340.5881" Z="355.5525" />
    <Hotspot X="2260.874" Y="-295.219" Z="334.7413" />
    <Hotspot X="2261.418" Y="-286.7669" Z="330.8642" />
    <Hotspot X="2199.044" Y="-272.7285" Z="411.6421" />
    <Hotspot X="2157.461" Y="-263.3696" Z="431.0569" />
    <Hotspot X="2121.793" Y="-255.3419" Z="418.635" />
    <Hotspot X="2101.093" Y="-306.2979" Z="418.869" />
    <Hotspot X="2092.006" Y="-328.6669" Z="418.635" />
    <Hotspot X="2043.735" Y="-317.0634" Z="429.0066" />
    <Hotspot X="2004.854" Y="-307.7169" Z="429.3589" />
    <Hotspot X="2008.337" Y="-258.0484" Z="424.7864" />
    <Hotspot X="2011.82" Y="-208.3799" Z="420.2139" />
    <Hotspot X="2011.955" Y="-206.4586" Z="420.037" />
    <Hotspot X="1965.508" Y="-224.9605" Z="419.418" />
    <Hotspot X="1919.061" Y="-243.4625" Z="418.7989" />
    <Hotspot X="1906.77" Y="-248.3585" Z="418.635" />
    <Hotspot X="1856.915" Y="-244.7964" Z="427.2845" />
    <Hotspot X="1809.033" Y="-241.3753" Z="421.2452" />
    <Hotspot X="1768.91" Y="-271.1926" Z="423.5021" />
    <Hotspot X="1724.774" Y="-303.9916" Z="423.5536" />
    <Hotspot X="1710.365" Y="-314.7002" Z="418.7045" />
    <Hotspot X="1675.202" Y="-347.4182" Z="413.4706" />
    <Hotspot X="1640.039" Y="-380.1362" Z="391.9379" />
    <Hotspot X="1635.313" Y="-384.5337" Z="389.0438" />
    <Hotspot X="1620.802" Y="-428.262" Z="383.6493" />
    <Hotspot X="1607.042" Y="-469.7303" Z="351.2002" />
    <Hotspot X="1604.212" Y="-519.5759" Z="348.4781" />
    <Hotspot X="1601.382" Y="-569.4214" Z="345.7561" />
    <Hotspot X="1600.627" Y="-582.7117" Z="345.0303" />
    <Hotspot X="1550.636" Y="-583.5985" Z="344.6881" />
    <Hotspot X="1500.645" Y="-584.4853" Z="344.3459" />
    <Hotspot X="1480.449" Y="-584.8436" Z="344.2077" />
    <Hotspot X="1491.189" Y="-638.3463" Z="338.2467" />
    <Hotspot X="1498.135" Y="-672.9453" Z="332.9059" />
    <Hotspot X="1449.328" Y="-670.233" Z="344.2566" />
    <Hotspot X="1397.604" Y="-667.3585" Z="354.565" />
    <Hotspot X="1347.71" Y="-665.6256" Z="362.3611" />
    <Hotspot X="1297.815" Y="-663.8926" Z="360.2116" />
    <Hotspot X="1297.075" Y="-663.8669" Z="360.0896" />
    <Hotspot X="1259.934" Y="-630.4305" Z="358.6877" />
    <Hotspot X="1227.262" Y="-601.0169" Z="357.0688" />
    <Hotspot X="1205.579" Y="-556.1724" Z="355.4735" />
    <Hotspot X="1192.821" Y="-529.7869" Z="350.1769" />
    <Hotspot X="1191.01" Y="-479.966" Z="346.3563" />
    <Hotspot X="1190.029" Y="-452.9702" Z="344.286" />
    <Hotspot X="1209.853" Y="-407.0858" Z="343.0209" />
    <Hotspot X="1229.678" Y="-361.2013" Z="342.1048" />
    <Hotspot X="1233.778" Y="-351.7119" Z="341.4942" />
    <Hotspot X="1196.225" Y="-381.4503" Z="327.1624" />
    <Hotspot X="1117.364" Y="-443.9008" Z="297.0656" />
    <Hotspot X="1099.738" Y="-457.8586" Z="290.3389" />
    <Hotspot X="1071.194" Y="-496.8766" Z="303.0989" />
    <Hotspot X="1034.086" Y="-547.6" Z="340.6267" />
    <Hotspot X="1005.542" Y="-586.618" Z="339.8598" />
    <Hotspot X="989.8994" Y="-608.0001" Z="339.4396" />
    <Hotspot X="949.9493" Y="-637.9717" Z="337.0537" />
    <Hotspot X="915.4328" Y="-663.8669" Z="334.9923" />
    <Hotspot X="985.0939" Y="-812.8934" Z="517.699" />
    <Hotspot X="1024.022" Y="-896.1729" Z="316.2812" />
    <Hotspot X="1034.58" Y="-918.7586" Z="261.6558" />
    <Hotspot X="1079.881" Y="-936.1131" Z="273.7654" />
    <Hotspot X="1122.078" Y="-952.2786" Z="285.0453" />
    <Hotspot X="1154.147" Y="-986.0389" Z="266.8302" />
    <Hotspot X="1179.79" Y="-1013.033" Z="252.2655" />
    <Hotspot X="1214.462" Y="-978.8915" Z="264.4802" />
    <Hotspot X="1249.135" Y="-944.7495" Z="281.022" />
    <Hotspot X="1283.807" Y="-910.6076" Z="297.5638" />
    <Hotspot X="1310.428" Y="-884.3947" Z="295.5757" />
    <Hotspot X="1260.609" Y="-884.1165" Z="299.8241" />
    <Hotspot X="1211.438" Y="-883.842" Z="304.0173" />
    <Hotspot X="1150.914" Y="-798.8673" Z="355.6795" />
    <Hotspot X="1146.28" Y="-792.3601" Z="356.1087" />
    <Hotspot X="1135.984" Y="-743.4443" Z="358.3459" />
    <Hotspot X="1129.525" Y="-712.7502" Z="354.2847" />
    <Hotspot X="1178.779" Y="-721.3511" Z="354.3015" />
    <Hotspot X="1228.034" Y="-729.952" Z="354.3182" />
    <Hotspot X="1237.501" Y="-731.6052" Z="354.3214" />
    <Hotspot X="1276.63" Y="-762.6675" Z="356.3313" />
    <Hotspot X="1315.759" Y="-793.7299" Z="358.4018" />
    <Hotspot X="1317.553" Y="-795.1535" Z="358.4332" />
    <Hotspot X="1362.501" Y="-773.8946" Z="361.9083" />
    <Hotspot X="1403.189" Y="-754.6503" Z="348.4016" />
    <Hotspot X="1449.501" Y="-766.631" Z="333.8524" />
    <Hotspot X="1495.813" Y="-778.6117" Z="319.3032" />
    <Hotspot X="1511.166" Y="-782.5835" Z="314.4798" />
    <Hotspot X="1554.883" Y="-764.5632" Z="330.7322" />
    <Hotspot X="1595.872" Y="-747.6669" Z="345.9708" />
    <Hotspot X="1640.169" Y="-724.767" Z="354.838" />
    <Hotspot X="1684.466" Y="-701.8671" Z="355.0207" />
    <Hotspot X="1706.641" Y="-690.4036" Z="355.1122" />
    <Hotspot X="1755.461" Y="-680.4932" Z="359.4072" />
    <Hotspot X="1785.762" Y="-674.342" Z="362.0731" />
    <Hotspot X="1814.508" Y="-637.7743" Z="380.4172" />
    <Hotspot X="1843.253" Y="-601.2067" Z="398.7612" />
    <Hotspot X="1871.999" Y="-564.639" Z="417.1053" />
    <Hotspot X="1892.808" Y="-538.1669" Z="430.3849" />
    <Hotspot X="1919.812" Y="-473.5903" Z="438.8354" />
    <Hotspot X="1937.488" Y="-431.3218" Z="429.0623" />
    <Hotspot X="1910.458" Y="-578.7994" Z="435.4428" />
    <Hotspot X="1900.867" Y="-631.1301" Z="390.0355" />
    <Hotspot X="1896.531" Y="-654.7885" Z="369.5071" />
    <Hotspot X="1871.971" Y="-703.5819" Z="363.1032" />
    <Hotspot X="1849.644" Y="-747.9396" Z="357.8327" />
    <Hotspot X="1846.266" Y="-754.6503" Z="356.4007" />
    <Hotspot X="1801.441" Y="-776.6621" Z="358.8807" />
    <Hotspot X="1756.615" Y="-798.6739" Z="361.3607" />
    <Hotspot X="1743.875" Y="-804.9301" Z="362.0656" />
    <Hotspot X="1702.613" Y="-837.9041" Z="366.9038" />
    <Hotspot X="1665.103" Y="-867.8803" Z="335.906" />
    <Hotspot X="1658.238" Y="-873.3669" Z="330.2324" />
    <Hotspot X="1707.846" Y="-878.019" Z="335.0414" />
    <Hotspot X="1717.811" Y="-878.9535" Z="335.2447" />
    <Hotspot X="1766.624" Y="-939.9875" Z="365.3031" />
    <Hotspot X="1796.001" Y="-976.7201" Z="362.6243" />
    <Hotspot X="1835.35" Y="-1007.524" Z="364.2858" />
    <Hotspot X="1874.699" Y="-1038.328" Z="365.9473" />
    <Hotspot X="1914.048" Y="-1069.132" Z="367.6087" />
    <Hotspot X="1924.456" Y="-1077.28" Z="368.0482" />
    <Hotspot X="1955.48" Y="-1116.46" Z="375.7827" />
    <Hotspot X="1980.306" Y="-1147.812" Z="370.8644" />
    <Hotspot X="2010.86" Y="-1192.646" Z="379.8867" />
    <Hotspot X="2031.603" Y="-1223.083" Z="386.012" />
    <Hotspot X="2078.137" Y="-1255.924" Z="441.955" />
    <Hotspot X="2105.038" Y="-1274.909" Z="450.2314" />
    <Hotspot X="2077.377" Y="-1299.162" Z="445.9768" />
    <Hotspot X="1980.564" Y="-1384.05" Z="303.8239" />
    <Hotspot X="1956.105" Y="-1405.497" Z="267.9095" />
    <Hotspot X="1918.147" Y="-1372.952" Z="269.6281" />
    <Hotspot X="1903.978" Y="-1360.803" Z="267.6591" />
    <Hotspot X="1854.705" Y="-1369.275" Z="268.313" />
    <Hotspot X="1814.618" Y="-1376.167" Z="268.8451" />
    <Hotspot X="1803.623" Y="-1327.707" Z="274.3943" />
    <Hotspot X="1792.629" Y="-1279.248" Z="279.9435" />
    <Hotspot X="1784.831" Y="-1244.88" Z="283.879" />
    <Hotspot X="1735.409" Y="-1237.465" Z="290.0427" />
    <Hotspot X="1685.988" Y="-1230.049" Z="287.4192" />
    <Hotspot X="1682.439" Y="-1229.517" Z="287.1525" />
    <Hotspot X="1633.157" Y="-1235.129" Z="280.8494" />
    <Hotspot X="1583.874" Y="-1240.741" Z="274.5463" />
    <Hotspot X="1578.186" Y="-1241.388" Z="273.8188" />
    <Hotspot X="1553.698" Y="-1197.83" Z="275.5369" />
    <Hotspot X="1529.209" Y="-1154.271" Z="278.2588" />
    <Hotspot X="1520.474" Y="-1138.734" Z="277.8679" />
    <Hotspot X="1554.176" Y="-1102.847" Z="286.6042" />
    <Hotspot X="1578.186" Y="-1077.28" Z="292.8282" />
    <Hotspot X="1587.922" Y="-1028.958" Z="301.4931" />
    <Hotspot X="1597.659" Y="-980.6368" Z="311.2473" />
    <Hotspot X="1602.388" Y="-957.1669" Z="313.6581" />
    <Hotspot X="1571.548" Y="-917.8658" Z="311.5779" />
    <Hotspot X="1540.708" Y="-878.5649" Z="311.184" />
    <Hotspot X="1534.437" Y="-870.5735" Z="309.0748" />
    <Hotspot X="1485.436" Y="-861.576" Z="304.8359" />
    <Hotspot X="1462.178" Y="-857.3053" Z="302.824" />
    <Hotspot X="1450.061" Y="-905.4057" Z="296.5363" />
    <Hotspot X="1437.944" Y="-953.5061" Z="290.2485" />
    <Hotspot X="1432.976" Y="-973.2285" Z="287.6704" />
    <Hotspot X="1429.468" Y="-1020.602" Z="272.0687" />
    <Hotspot X="1425.96" Y="-1067.976" Z="256.467" />
    <Hotspot X="1425.53" Y="-1073.789" Z="254.5528" />
    <Hotspot X="1388.245" Y="-1105.756" Z="245.1768" />
    <Hotspot X="1350.96" Y="-1137.724" Z="235.8008" />
    <Hotspot X="1321.276" Y="-1163.175" Z="228.3362" />
    <Hotspot X="1272.446" Y="-1171.898" Z="223.9184" />
    <Hotspot X="1243.086" Y="-1177.142" Z="218.2726" />
    <Hotspot X="1234.122" Y="-1225.479" Z="209.1505" />
    <Hotspot X="1228.193" Y="-1257.45" Z="203.1168" />
    <Hotspot X="1275.232" Y="-1266.499" Z="222.5723" />
    <Hotspot X="1345.79" Y="-1280.072" Z="251.3354" />
    <Hotspot X="1373.403" Y="-1285.383" Z="247.365" />
    <Hotspot X="1419.277" Y="-1268.837" Z="258.4003" />
    <Hotspot X="1465.151" Y="-1252.291" Z="270.7949" />
    <Hotspot X="1470.209" Y="-1250.467" Z="270.6522" />
    <Hotspot X="1503.114" Y="-1288.098" Z="278.4919" />
    <Hotspot X="1536.019" Y="-1325.729" Z="274.9407" />
    <Hotspot X="1546.538" Y="-1337.759" Z="273.1837" />
    <Hotspot X="1591.693" Y="-1358.995" Z="276.3524" />
    <Hotspot X="1622.55" Y="-1373.507" Z="278.5178" />
    <Hotspot X="1668.704" Y="-1354.748" Z="274.2951" />
    <Hotspot X="1689.886" Y="-1346.139" Z="272.3572" />
    <Hotspot X="1684.978" Y="-1384.043" Z="373.2563" />
    <Hotspot X="1679.579" Y="-1425.738" Z="356.1088" />
    <Hotspot X="1677.932" Y="-1438.464" Z="350.8753" />
    <Hotspot X="1659.553" Y="-1483.286" Z="371.9424" />
    <Hotspot X="1643.344" Y="-1522.817" Z="374.1706" />
    <Hotspot X="1685.02" Y="-1519.234" Z="373.545" />
    <Hotspot X="1726.695" Y="-1515.652" Z="352.7353" />
    <Hotspot X="1776.705" Y="-1511.353" Z="302.3765" />
    <Hotspot X="1818.38" Y="-1507.77" Z="260.4108" />
    <Hotspot X="1822.064" Y="-1507.453" Z="256.7007" />
    <Hotspot X="1870.704" Y="-1514.931" Z="247.8509" />
    <Hotspot X="1919.343" Y="-1522.408" Z="239.0011" />
    <Hotspot X="1935.626" Y="-1524.912" Z="236.0384" />
    <Hotspot X="1948.056" Y="-1573.234" Z="232.7984" />
    <Hotspot X="1956.105" Y="-1604.522" Z="230.7005" />
    <Hotspot X="1922.855" Y="-1641.246" Z="223.9334" />
    <Hotspot X="1889.605" Y="-1677.97" Z="217.1664" />
    <Hotspot X="1889.084" Y="-1678.545" Z="217.0604" />
    <Hotspot X="1883.964" Y="-1733.288" Z="220.2145" />
    <Hotspot X="1881.638" Y="-1758.155" Z="219.0887" />
    <Hotspot X="1831.852" Y="-1762.651" Z="221.3181" />
    <Hotspot X="1782.065" Y="-1767.147" Z="221.2747" />
    <Hotspot X="1781.108" Y="-1767.234" Z="221.2168" />
    <Hotspot X="1739.485" Y="-1748.044" Z="241.1995" />
    <Hotspot X="1697.863" Y="-1728.854" Z="274.5104" />
    <Hotspot X="1639.591" Y="-1701.988" Z="321.1457" />
    <Hotspot X="1597.968" Y="-1682.798" Z="337.0896" />
    <Hotspot X="1556.346" Y="-1663.608" Z="341.4269" />
    <Hotspot X="1523.613" Y="-1648.517" Z="344.8379" />
    <Hotspot X="1487.821" Y="-1663.323" Z="313.22" />
    <Hotspot X="1452.029" Y="-1678.13" Z="281.6021" />
    <Hotspot X="1427.391" Y="-1688.322" Z="259.8381" />
    <Hotspot X="1402.333" Y="-1646.51" Z="270.9672" />
    <Hotspot X="1377.275" Y="-1604.698" Z="282.3417" />
    <Hotspot X="1373.403" Y="-1598.237" Z="283.8162" />
    <Hotspot X="1351.375" Y="-1638.751" Z="264.4939" />
    <Hotspot X="1329.348" Y="-1679.266" Z="245.1716" />
    <Hotspot X="1315.691" Y="-1704.383" Z="233.1925" />
    <Hotspot X="1326.162" Y="-1752.961" Z="238.7211" />
    <Hotspot X="1336.632" Y="-1801.539" Z="244.2497" />
    <Hotspot X="1347.102" Y="-1850.117" Z="249.7783" />
    <Hotspot X="1351.063" Y="-1868.492" Z="251.8696" />
    <Hotspot X="1370.378" Y="-1914.598" Z="250.7927" />
    <Hotspot X="1389.693" Y="-1960.704" Z="249.7159" />
    <Hotspot X="1392.02" Y="-1966.258" Z="249.5861" />
    <Hotspot X="1347.837" Y="-1989.631" Z="252.4982" />
    <Hotspot X="1319.414" Y="-2004.667" Z="247.5011" />
    <Hotspot X="1295.826" Y="-1940.255" Z="322.7179" />
    <Hotspot X="1277.293" Y="-1889.646" Z="235.5134" />
    <Hotspot X="1274.149" Y="-1881.062" Z="220.7219" />
    <Hotspot X="1259.404" Y="-1833.688" Z="214.5322" />
    <Hotspot X="1244.659" Y="-1786.314" Z="208.3426" />
    <Hotspot X="1229.914" Y="-1738.941" Z="202.1529" />
    <Hotspot X="1226.331" Y="-1727.429" Z="200.6487" />
    <Hotspot X="1188.889" Y="-1690.468" Z="184.6175" />
    <Hotspot X="1155.588" Y="-1657.595" Z="170.3593" />
    <Hotspot X="1206.891" Y="-1646.599" Z="249.2304" />
    <Hotspot X="1250.301" Y="-1637.294" Z="256.7826" />
    <Hotspot X="1272.873" Y="-1632.455" Z="258.0732" />
    <Hotspot X="1269.015" Y="-1583.255" Z="266.0986" />
    <Hotspot X="1265.157" Y="-1534.054" Z="274.7583" />
    <Hotspot X="1263.565" Y="-1513.738" Z="277.4378" />
    <Hotspot X="1287.476" Y="-1470.308" Z="283.925" />
    <Hotspot X="1298.936" Y="-1449.492" Z="287.0343" />
    <Hotspot X="1264.499" Y="-1461.37" Z="283.3363" />
    <Hotspot X="1230.062" Y="-1473.249" Z="286.8969" />
    <Hotspot X="1150.856" Y="-1500.569" Z="149.9612" />
    <Hotspot X="1136.971" Y="-1505.359" Z="125.9568" />
    <Hotspot X="1089.604" Y="-1517.926" Z="116.0388" />
    <Hotspot X="1060.643" Y="-1525.61" Z="109.9748" />
    <Hotspot X="1017.847" Y="-1499.925" Z="107.0165" />
    <Hotspot X="986.1763" Y="-1480.917" Z="104.8272" />
    <Hotspot X="1046.49" Y="-1456.962" Z="113.0951" />
    <Hotspot X="1092.885" Y="-1438.535" Z="112.6874" />
    <Hotspot X="1112.77" Y="-1430.637" Z="112.5127" />
    <Hotspot X="1126.045" Y="-1384.989" Z="150.1823" />
    <Hotspot X="1139.32" Y="-1339.342" Z="151.167" />
    <Hotspot X="1146.28" Y="-1315.412" Z="151.622" />
    <Hotspot X="1109.89" Y="-1289.505" Z="193.9643" />
    <Hotspot X="1073.501" Y="-1263.597" Z="203.2358" />
    <Hotspot X="1055.058" Y="-1250.467" Z="207.9348" />
    <Hotspot X="1109.352" Y="-1206.34" Z="314.9659" />
    <Hotspot X="1152.011" Y="-1171.669" Z="220.0346" />
    <Hotspot X="1155.588" Y="-1168.762" Z="212.0751" />
    <Hotspot X="1106.877" Y="-1159.211" Z="218.0753" />
    <Hotspot X="1073.674" Y="-1152.7" Z="222.1651" />
    <Hotspot X="1023.693" Y="-1151.337" Z="222.2367" />
    <Hotspot X="973.7117" Y="-1149.973" Z="222.3689" />
    <Hotspot X="971.283" Y="-1149.907" Z="222.3118" />
    <Hotspot X="979.9282" Y="-1100.903" Z="227.1977" />
    <Hotspot X="988.038" Y="-1054.933" Z="231.781" />
    <Hotspot X="974.1704" Y="-1008.117" Z="246.0434" />
    <Hotspot X="960.3029" Y="-961.3002" Z="256.6215" />
    <Hotspot X="946.4354" Y="-914.4836" Z="265.7487" />
    <Hotspot X="941.496" Y="-897.8085" Z="267.9119" />
    <Hotspot X="894.4049" Y="-881.0687" Z="266.426" />
    <Hotspot X="847.3138" Y="-864.329" Z="264.9401" />
    <Hotspot X="823.6262" Y="-855.9086" Z="264.1927" />
    <Hotspot X="811.4183" Y="-903.697" Z="255.9925" />
    <Hotspot X="799.2106" Y="-951.4853" Z="252.339" />
    <Hotspot X="788.8395" Y="-992.0835" Z="240.8261" />
    <Hotspot X="760.2924" Y="-1030.753" Z="239.7742" />
    <Hotspot X="731.7452" Y="-1069.422" Z="216.5587" />
    <Hotspot X="721.8195" Y="-1082.867" Z="208.4868" />
    <Hotspot X="724.9033" Y="-1132.223" Z="215.8647" />
    <Hotspot X="727.4044" Y="-1172.254" Z="221.8485" />
    <Hotspot X="739.7465" Y="-1220.608" Z="226.5728" />
    <Hotspot X="744.1594" Y="-1237.897" Z="226.0357" />
    <Hotspot X="740.005" Y="-1277.895" Z="254.5663" />
    <Hotspot X="735.8506" Y="-1317.892" Z="254.3811" />
    <Hotspot X="730.8654" Y="-1365.89" Z="166.9178" />
    <Hotspot X="727.4044" Y="-1399.212" Z="106.1958" />
    <Hotspot X="684.6542" Y="-1373.281" Z="106.0438" />
    <Hotspot X="641.9041" Y="-1347.35" Z="105.9825" />
    <Hotspot X="639.9062" Y="-1346.139" Z="105.8846" />
    <Hotspot X="596.5146" Y="-1304.707" Z="112.5098" />
    <Hotspot X="560.355" Y="-1270.181" Z="108.0885" />
    <Hotspot X="557.9929" Y="-1267.925" Z="107.3394" />
    <Hotspot X="563.0507" Y="-1219.683" Z="124.2453" />
    <Hotspot X="568.1085" Y="-1171.441" Z="133.1035" />
    <Hotspot X="570.4394" Y="-1149.208" Z="137.1858" />
    <Hotspot X="529.522" Y="-1155.968" Z="109.2559" />
    <Hotspot X="488.6045" Y="-1162.727" Z="81.32608" />
    <Hotspot X="481.6643" Y="-1163.874" Z="76.58878" />
    <Hotspot X="432.1952" Y="-1171.069" Z="84.462" />
    <Hotspot X="382.726" Y="-1178.265" Z="82.65791" />
    <Hotspot X="371.2412" Y="-1179.935" Z="78.84911" />
    <Hotspot X="380.6158" Y="-1228.008" Z="88.90655" />
    <Hotspot X="389.9903" Y="-1276.08" Z="99.30219" />
    <Hotspot X="390.4428" Y="-1278.4" Z="99.4494" />
    <Hotspot X="436.3019" Y="-1297.935" Z="103.3651" />
    <Hotspot X="482.161" Y="-1317.47" Z="108.8837" />
    <Hotspot X="500.281" Y="-1325.189" Z="108.828" />
    <Hotspot X="457.5853" Y="-1368.265" Z="85.45113" />
    <Hotspot X="446.2929" Y="-1379.658" Z="79.26825" />
    <Hotspot X="396.6314" Y="-1380.675" Z="84.98702" />
    <Hotspot X="346.9699" Y="-1381.691" Z="90.7058" />
    <Hotspot X="343.9012" Y="-1381.754" Z="91.05919" />
    <Hotspot X="335.0009" Y="-1430.921" Z="92.882" />
    <Hotspot X="326.1008" Y="-1480.089" Z="94.70482" />
    <Hotspot X="323.4227" Y="-1494.883" Z="95.2533" />
    <Hotspot X="347.9966" Y="-1538.368" Z="97.74422" />
    <Hotspot X="372.5706" Y="-1581.853" Z="99.16949" />
    <Hotspot X="397.1444" Y="-1625.338" Z="91.17839" />
    <Hotspot X="409.0595" Y="-1646.422" Z="87.30378" />
    <Hotspot X="361.3113" Y="-1633.616" Z="97.12661" />
    <Hotspot X="313.563" Y="-1620.81" Z="102.5852" />
    <Hotspot X="309.5613" Y="-1619.737" Z="102.9143" />
    <Hotspot X="263.6821" Y="-1639.606" Z="102.3592" />
    <Hotspot X="217.803" Y="-1659.476" Z="101.8042" />
    <Hotspot X="217.3079" Y="-1659.69" Z="101.7982" />
    <Hotspot X="201.7308" Y="-1612.945" Z="110.2997" />
    <Hotspot X="189.3827" Y="-1575.89" Z="117.0389" />
    <Hotspot X="218.6333" Y="-1535.377" Z="115.2806" />
    <Hotspot X="237.786" Y="-1508.85" Z="114.1294" />
    <Hotspot X="192.9023" Y="-1470.189" Z="123.6566" />
    <Hotspot X="187.521" Y="-1465.554" Z="124.7989" />
    <Hotspot X="194.2402" Y="-1418.085" Z="110.5993" />
    <Hotspot X="198.6912" Y="-1386.642" Z="101.1932" />
    <Hotspot X="181.4323" Y="-1340.181" Z="96.90316" />
    <Hotspot X="167.0429" Y="-1301.445" Z="89.09351" />
    <Hotspot X="211.2518" Y="-1278.116" Z="90.2439" />
    <Hotspot X="255.4608" Y="-1254.787" Z="91.39427" />
    <Hotspot X="276.8811" Y="-1243.484" Z="91.95166" />
    <Hotspot X="238.6863" Y="-1216.193" Z="64.7381" />
    <Hotspot X="200.4915" Y="-1188.903" Z="34.69662" />
    <Hotspot X="198.6912" Y="-1187.617" Z="33.28058" />
    <Hotspot X="149.1397" Y="-1193.918" Z="37.38552" />
    <Hotspot X="99.58826" Y="-1200.218" Z="38.10856" />
    <Hotspot X="88.85264" Y="-1201.583" Z="38.21398" />
    <Hotspot X="62.48589" Y="-1242.794" Z="63.34334" />
    <Hotspot X="36.11913" Y="-1284.005" Z="95.65141" />
    <Hotspot X="21.83289" Y="-1306.334" Z="102.0885" />
    <Hotspot X="56.52756" Y="-1371.406" Z="115.7601" />
    <Hotspot X="79.65735" Y="-1414.787" Z="124.8818" />
    <Hotspot X="81.40612" Y="-1418.067" Z="125.5637" />
    <Hotspot X="35.42698" Y="-1435.685" Z="171.0968" />
    <Hotspot X="-10.55215" Y="-1453.303" Z="268.1964" />
    <Hotspot X="-56.53128" Y="-1470.922" Z="205.9426" />
    <Hotspot X="-91.72904" Y="-1484.409" Z="158.2864" />
    <Hotspot X="-138.774" Y="-1496.261" Z="146.1915" />
    <Hotspot X="-185.819" Y="-1508.114" Z="134.0967" />
    <Hotspot X="-216.4606" Y="-1515.834" Z="126.219" />
    <Hotspot X="-258.0745" Y="-1533.961" Z="105.2505" />
    <Hotspot X="-299.6883" Y="-1552.089" Z="84.28197" />
    <Hotspot X="-331.884" Y="-1566.114" Z="68.0591" />
    <Hotspot X="-380.223" Y="-1578.318" Z="64.71628" />
    <Hotspot X="-428.5621" Y="-1590.523" Z="60.47499" />
    <Hotspot X="-428.6906" Y="-1590.555" Z="60.46371" />
    <Hotspot X="-463.3268" Y="-1554.826" Z="56.69152" />
    <Hotspot X="-497.963" Y="-1519.096" Z="50.86124" />
    <Hotspot X="-503.1572" Y="-1513.738" Z="49.98692" />
    <Hotspot X="-537.6248" Y="-1459.953" Z="37.98102" />
    <Hotspot X="-549.699" Y="-1441.112" Z="33.77524" />
    <Hotspot X="-500.8986" Y="-1445.688" Z="43.65311" />
    <Hotspot X="-452.0981" Y="-1450.265" Z="53.53098" />
    <Hotspot X="-445.4456" Y="-1450.888" Z="54.87754" />
    <Hotspot X="-396.5696" Y="-1449.514" Z="65.32964" />
    <Hotspot X="-321.2989" Y="-1447.397" Z="81.42622" />
    <Hotspot X="-287.1636" Y="-1380.628" Z="80.11276" />
    <Hotspot X="-274.1721" Y="-1355.217" Z="79.61288" />
    <Hotspot X="-229.0224" Y="-1336.399" Z="89.97559" />
    <Hotspot X="-179.3578" Y="-1315.699" Z="102.6864" />
    <Hotspot X="-173.6424" Y="-1313.317" Z="102.6864" />
    <Hotspot X="-203.4256" Y="-1269.148" Z="75.08025" />
    <Hotspot X="-228.245" Y="-1232.341" Z="52.07514" />
    <Hotspot X="-253.0643" Y="-1195.534" Z="29.07004" />
    <Hotspot X="-253.694" Y="-1194.6" Z="28.48636" />
    <Hotspot X="-299.1304" Y="-1215.409" Z="30.0735" />
    <Hotspot X="-344.5667" Y="-1236.219" Z="31.66064" />
    <Hotspot X="-390.003" Y="-1257.028" Z="33.24778" />
    <Hotspot X="-413.7973" Y="-1267.925" Z="34.07894" />
    <Hotspot X="-467.5227" Y="-1279.651" Z="38.35643" />
    <Hotspot X="-516.189" Y="-1290.272" Z="32.08636" />
    <Hotspot X="-565.2819" Y="-1299.479" Z="35.57681" />
    <Hotspot X="-601.8255" Y="-1306.334" Z="36.02979" />
    <Hotspot X="-639.0188" Y="-1339.696" Z="34.13287" />
    <Hotspot X="-679.9315" Y="-1376.395" Z="34.79597" />
    <Hotspot X="-687.4622" Y="-1383.15" Z="31.66218" />
    <Hotspot X="-677.064" Y="-1432.057" Z="31.63585" />
    <Hotspot X="-666.6657" Y="-1480.964" Z="31.60951" />
    <Hotspot X="-663.2607" Y="-1496.979" Z="31.60089" />
    <Hotspot X="-632.6863" Y="-1536.164" Z="37.05395" />
    <Hotspot X="-602.1119" Y="-1575.349" Z="43.21204" />
    <Hotspot X="-596.2407" Y="-1582.874" Z="43.55418" />
    <Hotspot X="-547.8864" Y="-1595.311" Z="42.41092" />
    <Hotspot X="-531.0823" Y="-1599.634" Z="39.94754" />
    <Hotspot X="-524.9336" Y="-1649.058" Z="40.8957" />
    <Hotspot X="-518.7849" Y="-1698.483" Z="34.23199" />
    <Hotspot X="-518.0507" Y="-1704.383" Z="30.6094" />
    <Hotspot X="-475.7262" Y="-1730.976" Z="31.80976" />
    <Hotspot X="-443.5839" Y="-1751.172" Z="32.72133" />
    <Hotspot X="-493.5495" Y="-1749.833" Z="34.00418" />
    <Hotspot X="-543.5151" Y="-1748.494" Z="35.28703" />
    <Hotspot X="-593.4808" Y="-1747.156" Z="36.56987" />
    <Hotspot X="-599.9641" Y="-1746.982" Z="36.73633" />
    <Hotspot X="-647.9105" Y="-1734.992" Z="49.71564" />
    <Hotspot X="-678.1541" Y="-1727.429" Z="49.08961" />
    <Hotspot X="-661.0787" Y="-1680.469" Z="47.27831" />
    <Hotspot X="-648.9522" Y="-1647.12" Z="45.99195" />
    <Hotspot X="-694.6036" Y="-1627.081" Z="52.22129" />
    <Hotspot X="-736.4507" Y="-1608.712" Z="53.26237" />
    <Hotspot X="-741.3115" Y="-1658.417" Z="55.65612" />
    <Hotspot X="-747.0358" Y="-1716.953" Z="58.47514" />
    <Hotspot X="-739.8848" Y="-1775.698" Z="48.58028" />
    <Hotspot X="-733.9257" Y="-1824.652" Z="40.33457" />
    <Hotspot X="-728.4191" Y="-1869.888" Z="32.7151" />
    <Hotspot X="-726.2131" Y="-1919.813" Z="34.34459" />
    <Hotspot X="-724.007" Y="-1969.738" Z="36.06493" />
    <Hotspot X="-722.8339" Y="-1996.287" Z="36.84062" />
    <Hotspot X="-673.2737" Y="-1989.905" Z="35.09293" />
    <Hotspot X="-623.7134" Y="-1983.523" Z="33.34524" />
    <Hotspot X="-598.1024" Y="-1980.225" Z="32.44209" />
    <Hotspot X="-619.7984" Y="-2025.201" Z="29.90154" />
    <Hotspot X="-633.4738" Y="-2053.55" Z="28.30018" />
    <Hotspot X="-594.8266" Y="-2085.215" Z="30.2349" />
    <Hotspot X="-562.7307" Y="-2111.512" Z="31.84166" />
    <Hotspot X="-525.0493" Y="-2078.648" Z="32.19545" />
    <Hotspot X="-488.2639" Y="-2046.567" Z="32.54083" />
    <Hotspot X="-447.7549" Y="-2066.206" Z="60.58823" />
    <Hotspot X="-416.2438" Y="-2081.483" Z="71.22011" />
    <Hotspot X="-385.6784" Y="-2120.949" Z="80.2341" />
    <Hotspot X="-355.1129" Y="-2160.416" Z="78.01367" />
    <Hotspot X="-348.639" Y="-2168.775" Z="77.54337" />
    <Hotspot X="-318.1064" Y="-2208.316" Z="79.61703" />
    <Hotspot X="-287.5739" Y="-2247.856" Z="81.69069" />
    <Hotspot X="-270.449" Y="-2270.033" Z="82.85375" />
    <Hotspot X="-290.1318" Y="-2362.324" Z="73.91391" />
    <Hotspot X="-296.5123" Y="-2392.242" Z="68.34741" />
    <Hotspot X="-345.3604" Y="-2395.817" Z="61.09577" />
    <Hotspot X="-372.8405" Y="-2397.828" Z="52.63754" />
    <Hotspot X="-365.586" Y="-2348.846" Z="67.13206" />
    <Hotspot X="-355.4298" Y="-2280.27" Z="72.38385" />
    <Hotspot X="-354.2241" Y="-2272.128" Z="70.42912" />
    <Hotspot X="-391.8312" Y="-2239.574" Z="75.52044" />
    <Hotspot X="-429.4384" Y="-2207.02" Z="80.61177" />
    <Hotspot X="-451.0307" Y="-2188.329" Z="83.53497" />
    <Hotspot X="-473.169" Y="-2227.193" Z="74.57645" />
    <Hotspot X="-497.5211" Y="-2269.943" Z="36.63065" />
    <Hotspot X="-497.5723" Y="-2270.033" Z="36.55072" />
    <Hotspot X="-542.2285" Y="-2292.123" Z="48.50469" />
    <Hotspot X="-586.8847" Y="-2314.212" Z="50.89767" />
    <Hotspot X="-631.5409" Y="-2336.302" Z="53.29066" />
    <Hotspot X="-666.9838" Y="-2353.833" Z="52.59497" />
    <Hotspot X="-628.9084" Y="-2385.645" Z="54.82848" />
    <Hotspot X="-585.0705" Y="-2422.27" Z="39.27768" />
    <Hotspot X="-626.2521" Y="-2449.136" Z="48.3503" />
    <Hotspot X="-667.4338" Y="-2476.001" Z="57.42291" />
    <Hotspot X="-670.7072" Y="-2478.137" Z="58.14407" />
    <Hotspot X="-709.6102" Y="-2530.124" Z="57.57845" />
    <Hotspot X="-730.2808" Y="-2557.747" Z="53.57925" />
    <Hotspot X="-704.5287" Y="-2600.428" Z="57.47259" />
    <Hotspot X="-678.7767" Y="-2643.109" Z="61.36592" />
    <Hotspot X="-671.2924" Y="-2655.513" Z="62.49745" />
    <Hotspot X="-688.004" Y="-2702.592" Z="85.41539" />
    <Hotspot X="-704.7157" Y="-2749.67" Z="206.0521" />
    <Hotspot X="-723.0985" Y="-2801.456" Z="130.7254" />
    <Hotspot X="-737.7272" Y="-2842.667" Z="70.78206" />
    <Hotspot X="-709.2617" Y="-2883.76" Z="72.71387" />
    <Hotspot X="-680.7961" Y="-2924.853" Z="70.18526" />
    <Hotspot X="-676.2924" Y="-2931.355" Z="68.56062" />
    <Hotspot X="-661.2888" Y="-2978.63" Z="62.24126" />
    <Hotspot X="-648.3674" Y="-3019.345" Z="56.79888" />
    <Hotspot X="-622.9498" Y="-2976.44" Z="61.39835" />
    <Hotspot X="-597.5322" Y="-2933.535" Z="56.82317" />
    <Hotspot X="-585.0705" Y="-2912.5" Z="47.77906" />
    <Hotspot X="-563.9666" Y="-2867.852" Z="39.9581" />
    <Hotspot X="-542.8627" Y="-2823.204" Z="32.13714" />
    <Hotspot X="-538.5289" Y="-2814.035" Z="30.53106" />
    <Hotspot X="-565.7988" Y="-2772.128" Z="30.94843" />
    <Hotspot X="-593.0687" Y="-2730.221" Z="32.46754" />
    <Hotspot X="-596.2407" Y="-2725.347" Z="31.41435" />
    <Hotspot X="-598.1876" Y="-2675.441" Z="34.45515" />
    <Hotspot X="-600.1345" Y="-2625.535" Z="36.46748" />
    <Hotspot X="-601.8255" Y="-2582.189" Z="38.21534" />
    <Hotspot X="-576.7925" Y="-2539.15" Z="35.82366" />
    <Hotspot X="-557.1456" Y="-2505.372" Z="30.031" />
    <Hotspot X="-514.5175" Y="-2479.241" Z="30.44116" />
    <Hotspot X="-480.8173" Y="-2458.583" Z="30.41795" />
    <Hotspot X="-480.8173" Y="-2508.583" Z="30.71794" />
    <Hotspot X="-480.8173" Y="-2558.582" Z="30.91706" />
    <Hotspot X="-480.8173" Y="-2563.333" Z="30.91899" />
    <Hotspot X="-511.779" Y="-2602.581" Z="31.92128" />
    <Hotspot X="-534.8057" Y="-2631.77" Z="32.66671" />
    <Hotspot X="-511.2884" Y="-2675.878" Z="33.85302" />
    <Hotspot X="-487.771" Y="-2719.987" Z="39.39931" />
    <Hotspot X="-480.8173" Y="-2733.029" Z="35.39011" />
    <Hotspot X="-445.0697" Y="-2698.102" Z="36.88434" />
    <Hotspot X="-409.3221" Y="-2663.175" Z="38.37858" />
    <Hotspot X="-400.7657" Y="-2654.815" Z="38.73624" />
    <Hotspot X="-370.0717" Y="-2615.354" Z="37.91279" />
    <Hotspot X="-339.3777" Y="-2575.892" Z="37.08935" />
    <Hotspot X="-308.6837" Y="-2536.431" Z="36.26591" />
    <Hotspot X="-300.8205" Y="-2526.322" Z="36.05495" />
    <Hotspot X="-252.4473" Y="-2514.288" Z="39.95594" />
    <Hotspot X="-204.0741" Y="-2502.254" Z="43.85692" />
    <Hotspot X="-188.5357" Y="-2498.388" Z="45.10999" />
    <Hotspot X="-161.2154" Y="-2450.874" Z="49.69351" />
    <Hotspot X="-147.5789" Y="-2427.158" Z="51.98132" />
    <Hotspot X="-100.6736" Y="-2470.546" Z="40.05006" />
    <Hotspot X="-81.14395" Y="-2488.612" Z="35.0823" />
    <Hotspot X="-29.94043" Y="-2469.052" Z="39.6225" />
    <Hotspot X="-11.67713" Y="-2462.075" Z="41.24189" />
    <Hotspot X="-4.909697" Y="-2407.677" Z="56.02286" />
    <Hotspot X="1.242512" Y="-2358.225" Z="49.97987" />
    <Hotspot X="1.354483" Y="-2357.325" Z="49.86987" />
    <Hotspot X="15.42187" Y="-2294.003" Z="49.79374" />
    <Hotspot X="19.97119" Y="-2273.525" Z="44.34129" />
    <Hotspot X="-28.21299" Y="-2282.747" Z="60.45105" />
    <Hotspot X="-71.25064" Y="-2290.984" Z="62.62249" />
    <Hotspot X="-95.76189" Y="-2334.536" Z="64.16273" />
    <Hotspot X="-106.6224" Y="-2353.833" Z="64.84518" />
    <Hotspot X="-156.3624" Y="-2348.964" Z="63.79004" />
    <Hotspot X="-177.9506" Y="-2346.85" Z="62.70999" />
    <Hotspot X="-163.6206" Y="-2298.95" Z="63.46216" />
    <Hotspot X="-160.6105" Y="-2288.889" Z="63.30884" />
    <Hotspot X="-171.0742" Y="-2240.718" Z="71.68028" />
    <Hotspot X="-181.5378" Y="-2192.547" Z="84.1747" />
    <Hotspot X="-192.0015" Y="-2144.376" Z="96.66906" />
    <Hotspot X="-201.5673" Y="-2100.339" Z="96.07628" />
    <Hotspot X="-248.678" Y="-2084.303" Z="91.23477" />
    <Hotspot X="-300.4997" Y="-2066.664" Z="86.14885" />
    <Hotspot X="-302.0974" Y="-2066.12" Z="85.74494" />
    <Hotspot X="-324.3581" Y="-2021.585" Z="90.34097" />
    <Hotspot X="-346.6188" Y="-1977.051" Z="94.93701" />
    <Hotspot X="-346.7773" Y="-1976.734" Z="94.96973" />
    <Hotspot X="-328.3217" Y="-1930.35" Z="181.445" />
    <Hotspot X="-308.0205" Y="-1879.328" Z="164.514" />
    <Hotspot X="-290.9272" Y="-1836.369" Z="86.42903" />
    <Hotspot X="-242.8207" Y="-1826.594" Z="95.92778" />
    <Hotspot X="-201.5673" Y="-1818.212" Z="104.0734" />
    <Hotspot X="-178.0036" Y="-1768.713" Z="186.9522" />
    <Hotspot X="-150.1555" Y="-1710.215" Z="124.527" />
    <Hotspot X="-145.7172" Y="-1700.892" Z="114.5779" />
    <Hotspot X="-106.9569" Y="-1661.888" Z="120.3262" />
    <Hotspot X="-86.72904" Y="-1641.533" Z="112.8047" />
    <Hotspot X="-46.36196" Y="-1670.367" Z="106.5503" />
    <Hotspot X="-5.994881" Y="-1699.201" Z="100.2958" />
    <Hotspot X="3.216181" Y="-1705.78" Z="98.8687" />
    <Hotspot X="26.63924" Y="-1662.602" Z="108.1961" />
    <Hotspot X="50.06231" Y="-1619.424" Z="117.8127" />
    <Hotspot X="68.37451" Y="-1585.667" Z="124.8158" />
    <Hotspot X="90.60368" Y="-1629.096" Z="118.8356" />
    <Hotspot X="112.8329" Y="-1672.526" Z="102.9783" />
    <Hotspot X="113.0544" Y="-1672.958" Z="102.8202" />
    <Hotspot X="131.1004" Y="-1717.717" Z="89.74328" />
    <Hotspot X="154.5601" Y="-1775.903" Z="72.74323" />
    <Hotspot X="155.2879" Y="-1777.708" Z="72.21585" />
    <Hotspot X="110.8406" Y="-1800.512" Z="74.32485" />
    <Hotspot X="66.39328" Y="-1823.315" Z="76.43386" />
    <Hotspot X="42.31101" Y="-1835.67" Z="77.57655" />
    <Hotspot X="-2.101276" Y="-1814.924" Z="87.43317" />
    <Hotspot X="-46.51357" Y="-1794.178" Z="100.829" />
    <Hotspot X="-56.35733" Y="-1789.58" Z="99.47446" />
    <Hotspot X="-90.22549" Y="-1826.332" Z="99.22317" />
    <Hotspot X="-108.4841" Y="-1846.145" Z="97.16698" />
    <Hotspot X="-139.0108" Y="-1885.621" Z="94.0391" />
    <Hotspot X="-169.5376" Y="-1925.097" Z="90.91121" />
    <Hotspot X="-179.2272" Y="-1937.627" Z="89.91837" />
    <Hotspot X="-133.4737" Y="-1957.346" Z="87.05768" />
    <Hotspot X="-91.72904" Y="-1975.337" Z="81.85435" />
    <Hotspot X="-54.98096" Y="-2007.068" Z="76.01968" />
    <Hotspot X="-18.23289" Y="-2038.798" Z="65.14772" />
    <Hotspot X="6.939301" Y="-2060.534" Z="49.776" />
    <Hotspot X="60.24246" Y="-2039.487" Z="67.81897" />
    <Hotspot X="104.6618" Y="-2021.947" Z="82.39877" />
    <Hotspot X="113.0544" Y="-2018.634" Z="85.15351" />
    <Hotspot X="147.6019" Y="-2054.676" Z="87.87927" />
    <Hotspot X="164.5961" Y="-2072.405" Z="89.22009" />
    <Hotspot X="211.9665" Y="-2057.085" Z="93.84057" />
    <Hotspot X="259.3369" Y="-2041.766" Z="98.86665" />
    <Hotspot X="276.8811" Y="-2036.092" Z="100.1723" />
    <Hotspot X="240.6958" Y="-2001.636" Z="100.822" />
    <Hotspot X="204.5105" Y="-1967.18" Z="96.48901" />
    <Hotspot X="204.276" Y="-1966.957" Z="96.46092" />
    <Hotspot X="241.2889" Y="-1933.734" Z="91.33089" />
    <Hotspot X="278.3018" Y="-1900.512" Z="86.20086" />
    <Hotspot X="308.5294" Y="-1873.38" Z="82.01128" />
    <Hotspot X="356.4855" Y="-1887.48" Z="83.20338" />
    <Hotspot X="404.4416" Y="-1901.579" Z="84.39549" />
    <Hotspot X="446.2929" Y="-1913.883" Z="85.43585" />
    <Hotspot X="425.0464" Y="-1959.046" Z="91.68466" />
    <Hotspot X="412.7829" Y="-1985.113" Z="90.15515" />
    <Hotspot X="387.6764" Y="-2028.166" Z="86.13715" />
    <Hotspot X="362.5699" Y="-2071.219" Z="82.11913" />
    <Hotspot X="360.6562" Y="-2074.5" Z="81.81285" />
    <Hotspot X="346.6428" Y="-2122.495" Z="82.18869" />
    <Hotspot X="332.6295" Y="-2170.49" Z="82.56453" />
    <Hotspot X="318.6161" Y="-2218.484" Z="82.94037" />
    <Hotspot X="317.8376" Y="-2221.15" Z="82.96124" />
    <Hotspot X="365.91" Y="-2221.989" Z="69.2374" />
    <Hotspot X="397.8896" Y="-2222.547" Z="60.10778" />
    <Hotspot X="447.4774" Y="-2216.153" Z="59.70441" />
    <Hotspot X="497.0652" Y="-2209.759" Z="59.30103" />
    <Hotspot X="517.036" Y="-2207.183" Z="59.13857" />
    <Hotspot X="563.4747" Y="-2192.999" Z="71.06545" />
    <Hotspot X="609.9133" Y="-2178.814" Z="82.99234" />
    <Hotspot X="647.3527" Y="-2167.378" Z="92.60794" />
    <Hotspot X="661.2862" Y="-2215.397" Z="96.98341" />
    <Hotspot X="675.2196" Y="-2263.417" Z="93.42203" />
    <Hotspot X="677.1396" Y="-2270.033" Z="92.93129" />
    <Hotspot X="618.227" Y="-2275.849" Z="83.15977" />
    <Hotspot X="569.1331" Y="-2280.695" Z="75.10265" />
    <Hotspot X="520.0392" Y="-2285.542" Z="67.04554" />
    <Hotspot X="470.9454" Y="-2290.388" Z="58.98843" />
    <Hotspot X="464.9093" Y="-2290.984" Z="57.7298" />
    <Hotspot X="371.9423" Y="-2339.164" Z="77.29353" />
    <Hotspot X="327.6723" Y="-2362.106" Z="70.27429" />
    <Hotspot X="323.4227" Y="-2364.309" Z="69.60049" />
    <Hotspot X="273.9763" Y="-2426.908" Z="78.39749" />
    <Hotspot X="248.9562" Y="-2458.583" Z="78.68303" />
    <Hotspot X="202.8795" Y="-2477.788" Z="88.4711" />
    <Hotspot X="156.8028" Y="-2496.992" Z="88.90457" />
    <Hotspot X="148.4261" Y="-2500.483" Z="84.90436" />
    <Hotspot X="108.0722" Y="-2525.712" Z="69.57261" />
    <Hotspot X="86.99122" Y="-2538.892" Z="61.56328" />
    <Hotspot X="52.96997" Y="-2574.097" Z="51.75527" />
    <Hotspot X="33.0028" Y="-2594.759" Z="45.44455" />
    <Hotspot X="-15.09504" Y="-2604.564" Z="35.93411" />
    <Hotspot X="-52.63393" Y="-2612.217" Z="28.5115" />
    <Hotspot X="-33.30765" Y="-2657.945" Z="34.46791" />
    <Hotspot X="-13.98136" Y="-2703.672" Z="40.42433" />
    <Hotspot X="-4.230612" Y="-2726.743" Z="43.42952" />
    <Hotspot X="-25.94178" Y="-2771.536" Z="38.71429" />
    <Hotspot X="-45.18714" Y="-2811.242" Z="34.53458" />
    <Hotspot X="-72.41168" Y="-2843.921" Z="60.81952" />
    <Hotspot X="-99.63622" Y="-2876.6" Z="88.02792" />
    <Hotspot X="-126.8608" Y="-2909.279" Z="115.2362" />
    <Hotspot X="-138.2707" Y="-2922.975" Z="124.4055" />
    <Hotspot X="-104.5952" Y="-2950.766" Z="100.0405" />
    <Hotspot X="-70.91978" Y="-2978.556" Z="75.67549" />
    <Hotspot X="-45.18714" Y="-2999.792" Z="57.05729" />
    <Hotspot X="-80.03091" Y="-3035.651" Z="57.17406" />
    <Hotspot X="-114.8747" Y="-3071.51" Z="57.29083" />
    <Hotspot X="-117.7923" Y="-3074.513" Z="57.30061" />
    <Hotspot X="-159.9323" Y="-3049.924" Z="46.36409" />
    <Hotspot X="-201.5673" Y="-3025.63" Z="35.55862" />
    <Hotspot X="-214.2771" Y="-3109.56" Z="76.12847" />
    <Hotspot X="-216.1389" Y="-3121.854" Z="69.84348" />
    <Hotspot X="-253.7739" Y="-3091.99" Z="55.99688" />
    <Hotspot X="-291.4089" Y="-3062.125" Z="42.15028" />
    <Hotspot X="-303.959" Y="-3052.167" Z="37.53286" />
    <Hotspot X="-294.7972" Y="-3003.022" Z="38.68835" />
    <Hotspot X="-285.6354" Y="-2953.877" Z="39.38631" />
    <Hotspot X="-285.3423" Y="-2952.305" Z="39.40863" />
    <Hotspot X="-247.1843" Y="-2893.719" Z="94.10079" />
    <Hotspot X="-219.9286" Y="-2851.873" Z="53.85337" />
    <Hotspot X="-205.2907" Y="-2829.398" Z="32.23827" />
    <Hotspot X="-243.7872" Y="-2797.555" Z="30.23124" />
    <Hotspot X="-277.8955" Y="-2769.342" Z="28.45298" />
    <Hotspot X="-327.1823" Y="-2761.287" Z="30.88806" />
    <Hotspot X="-354.8089" Y="-2756.772" Z="32.25298" />
    <Hotspot X="-353.408" Y="-2816.751" Z="31.56017" />
    <Hotspot X="-352.3624" Y="-2861.522" Z="31.04303" />
    <Hotspot X="-387.4121" Y="-2901.181" Z="28.05089" />
    <Hotspot X="-447.0737" Y="-2907.417" Z="37.22719" />
    <Hotspot X="-495.7106" Y="-2912.5" Z="30.35625" />
    <Hotspot X="-476.2798" Y="-2958.534" Z="36.81237" />
    <Hotspot X="-460.3389" Y="-2996.3" Z="27.05298" />
    <Hotspot X="-465.5638" Y="-3044.43" Z="39.55389" />
    <Hotspot X="-470.7886" Y="-3092.559" Z="59.57888" />
    <Hotspot X="-476.0134" Y="-3140.688" Z="66.1432" />
    <Hotspot X="-477.4106" Y="-3153.558" Z="67.8985" />
    <Hotspot X="-435.9187" Y="-3181.208" Z="64.16838" />
    <Hotspot X="-406.3505" Y="-3200.912" Z="61.51021" />
    <Hotspot X="-426.2364" Y="-3246.787" Z="61.40878" />
    <Hotspot X="-443.5839" Y="-3286.807" Z="61.32031" />
    <Hotspot X="-407.8599" Y="-3321.052" Z="68.46395" />
    <Hotspot X="-376.5639" Y="-3351.053" Z="74.72214" />
    <Hotspot X="-354.6302" Y="-3306.624" Z="83.11262" />
    <Hotspot X="-339.3305" Y="-3275.633" Z="86.10532" />
    <Hotspot X="-307.8148" Y="-3238.197" Z="79.53973" />
    <Hotspot X="-283.4807" Y="-3209.292" Z="67.9201" />
    <Hotspot X="-210.8994" Y="-3247.314" Z="226.8277" />
    <Hotspot X="-185.8714" Y="-3260.426" Z="240.3061" />
    <Hotspot X="-175.5038" Y="-3265.857" Z="245.8894" />
    <Hotspot X="-172.9512" Y="-3244.408" Z="227.2257" />
    <Hotspot X="-169.8881" Y="-3218.67" Z="214.2726" />
    <Hotspot X="-167.3354" Y="-3197.221" Z="122.4546" />
    <Hotspot X="-166.1956" Y="-3187.643" Z="81.45299" />
    <Hotspot X="-130.3746" Y="-3197.955" Z="199.2894" />
    <Hotspot X="-102.8199" Y="-3205.888" Z="200.4533" />
    <Hotspot X="-86.14395" Y="-3210.688" Z="200.4533" />
    <Hotspot X="-66.9564" Y="-3179.665" Z="191.1655" />
    <Hotspot X="-47.76884" Y="-3148.641" Z="143.2362" />
    <Hotspot X="-32.15553" Y="-3123.397" Z="104.235" />
    <Hotspot X="15.52327" Y="-3098.683" Z="106.4187" />
    <Hotspot X="58.86764" Y="-3076.216" Z="84.48903" />
    <Hotspot X="70.23621" Y="-3070.323" Z="78.73718" />
    <Hotspot X="63.89704" Y="-3020.728" Z="82.41684" />
    <Hotspot X="57.20432" Y="-2968.367" Z="79.46681" />
    <Hotspot X="51.22762" Y="-2919.044" Z="78.4648" />
    <Hotspot X="47.89611" Y="-2891.55" Z="70.72633" />
    <Hotspot X="98.42444" Y="-2873.781" Z="92.9906" />
    <Hotspot X="137.256" Y="-2860.125" Z="92.82542" />
    <Hotspot X="167.2297" Y="-2900.029" Z="89.78374" />
    <Hotspot X="182.2579" Y="-2920.036" Z="88.2587" />
    <Hotspot X="218.5569" Y="-2885.766" Z="116.7008" />
    <Hotspot X="254.8559" Y="-2851.495" Z="98.09251" />
    <Hotspot X="261.9878" Y="-2844.762" Z="94.43642" />
    <Hotspot X="298.6488" Y="-2878.333" Z="94.0587" />
    <Hotspot X="325.2845" Y="-2902.723" Z="85.14473" />
    <Hotspot X="332.2882" Y="-2853.245" Z="86.82079" />
    <Hotspot X="339.292" Y="-2803.766" Z="88.70187" />
    <Hotspot X="346.2958" Y="-2754.287" Z="90.58298" />
    <Hotspot X="347.6245" Y="-2744.9" Z="90.49087" />
    <Hotspot X="297.6802" Y="-2746.258" Z="94.73269" />
    <Hotspot X="247.7358" Y="-2747.615" Z="88.87996" />
    <Hotspot X="219.1693" Y="-2748.392" Z="85.53239" />
    <Hotspot X="177.9713" Y="-2720.359" Z="81.4218" />
    <Hotspot X="139.1177" Y="-2693.922" Z="77.54512" />
    <Hotspot X="178.6295" Y="-2663.291" Z="78.30104" />
    <Hotspot X="218.1414" Y="-2632.66" Z="79.05695" />
    <Hotspot X="222.8927" Y="-2628.977" Z="79.14786" />
    <Hotspot X="237.9381" Y="-2581.657" Z="81.15694" />
    <Hotspot X="247.0945" Y="-2552.858" Z="69.70821" />
    <Hotspot X="295.0143" Y="-2567.05" Z="72.35884" />
    <Hotspot X="342.9341" Y="-2581.24" Z="72.94514" />
    <Hotspot X="353.2094" Y="-2584.283" Z="73.07085" />
    <Hotspot X="402.4155" Y="-2593.086" Z="74.19321" />
    <Hotspot X="476.2248" Y="-2606.291" Z="178.4278" />
    <Hotspot X="535.2722" Y="-2616.854" Z="261.8155" />
    <Hotspot X="584.4784" Y="-2625.657" Z="269.1493" />
    <Hotspot X="648.4464" Y="-2637.101" Z="177.9726" />
    <Hotspot X="702.5732" Y="-2646.784" Z="100.8232" />
    <Hotspot X="716.2344" Y="-2649.229" Z="81.35117" />
    <Hotspot X="743.5547" Y="-2688.755" Z="67.52015" />
    <Hotspot X="770.8749" Y="-2728.281" Z="53.68915" />
    <Hotspot X="795.9695" Y="-2764.586" Z="40.9849" />
    <Hotspot X="843.3173" Y="-2780.457" Z="43.49557" />
    <Hotspot X="900.1346" Y="-2799.502" Z="46.50839" />
    <Hotspot X="924.741" Y="-2807.75" Z="47.81318" />
    <Hotspot X="963.3888" Y="-2784.822" Z="70.47861" />
    <Hotspot X="1002.036" Y="-2761.894" Z="104.4398" />
    <Hotspot X="1040.684" Y="-2738.966" Z="138.401" />
    <Hotspot X="1079.332" Y="-2716.038" Z="161.4867" />
    <Hotspot X="1117.98" Y="-2693.11" Z="172.646" />
    <Hotspot X="1139.91" Y="-2680.1" Z="169.8734" />
    <Hotspot X="1140.163" Y="-2630.101" Z="170.0674" />
    <Hotspot X="1140.441" Y="-2575.102" Z="170.3086" />
    <Hotspot X="1140.694" Y="-2525.103" Z="170.528" />
    <Hotspot X="1140.694" Y="-2524.925" Z="170.4754" />
    <Hotspot X="1112.45" Y="-2483.724" Z="168.3057" />
    <Hotspot X="1090.429" Y="-2451.6" Z="166.614" />
    <Hotspot X="1140.324" Y="-2454.525" Z="168.0127" />
    <Hotspot X="1190.219" Y="-2457.449" Z="169.4114" />
    <Hotspot X="1209.576" Y="-2458.583" Z="169.954" />
    <Hotspot X="1226.536" Y="-2411.578" Z="169.9328" />
    <Hotspot X="1243.086" Y="-2365.705" Z="166.614" />
    <Hotspot X="1189.319" Y="-2377.283" Z="166.614" />
    <Hotspot X="1142.556" Y="-2387.353" Z="166.614" />
    <Hotspot X="1103.892" Y="-2355.675" Z="176.9485" />
    <Hotspot X="1071.813" Y="-2329.392" Z="168.9267" />
    <Hotspot X="1026.098" Y="-2309.147" Z="169.4666" />
    <Hotspot X="980.3826" Y="-2288.903" Z="180.0767" />
    <Hotspot X="937.7729" Y="-2270.033" Z="170.5097" />
    <Hotspot X="909.0576" Y="-2310.965" Z="170.695" />
    <Hotspot X="880.3423" Y="-2351.897" Z="170.8804" />
    <Hotspot X="872.6146" Y="-2362.912" Z="170.9303" />
    <Hotspot X="853.7711" Y="-2317.409" Z="179.5582" />
    <Hotspot X="842.8277" Y="-2290.984" Z="184.5688" />
    <Hotspot X="818.8906" Y="-2249.58" Z="169.9828" />
    <Hotspot X="794.9535" Y="-2208.176" Z="155.3969" />
    <Hotspot X="771.0164" Y="-2166.773" Z="140.8109" />
    <Hotspot X="747.0793" Y="-2125.369" Z="126.2249" />
    <Hotspot X="723.1422" Y="-2083.965" Z="111.639" />
    <Hotspot X="708.7879" Y="-2059.137" Z="102.8922" />
    <Hotspot X="738.9139" Y="-2020.948" Z="109.8399" />
    <Hotspot X="762.7761" Y="-1990.7" Z="82.14201" />
    <Hotspot X="738.5577" Y="-1946.957" Z="82.14201" />
    <Hotspot X="726.8195" Y="-1925.755" Z="82.14201" />
    <Hotspot X="684.001" Y="-1951.432" Z="103.049" />
    <Hotspot X="641.1825" Y="-1977.109" Z="109.6505" />
    <Hotspot X="598.364" Y="-2002.785" Z="91.74747" />
    <Hotspot X="595.2263" Y="-2004.667" Z="90.43555" />
    <Hotspot X="577.9876" Y="-1957.965" Z="92.2724" />
    <Hotspot X="561.7162" Y="-1913.883" Z="81.3681" />
    <Hotspot X="528.6577" Y="-1876.94" Z="74.86351" />
    <Hotspot X="492.2933" Y="-1836.302" Z="67.70844" />
    <Hotspot X="472.3561" Y="-1814.022" Z="63.78559" />
    <Hotspot X="531.3044" Y="-1803.183" Z="79.23019" />
    <Hotspot X="567.3011" Y="-1796.564" Z="68.22642" />
    <Hotspot X="596.9063" Y="-1727.654" Z="91.09396" />
    <Hotspot X="616.6431" Y="-1681.714" Z="80.62035" />
    <Hotspot X="636.3799" Y="-1635.775" Z="70.14673" />
    <Hotspot X="639.9062" Y="-1627.567" Z="68.2755" />
    <Hotspot X="647.4784" Y="-1676.99" Z="68.19639" />
    <Hotspot X="655.0506" Y="-1726.413" Z="68.11728" />
    <Hotspot X="658.5229" Y="-1749.077" Z="68.08101" />
    <Hotspot X="672.3041" Y="-1796.637" Z="75.02027" />
    <Hotspot X="686.0854" Y="-1844.196" Z="82.14201" />
    <Hotspot X="686.4478" Y="-1845.447" Z="82.14201" />
    <Hotspot X="723.5905" Y="-1812.085" Z="84.86564" />
    <Hotspot X="760.733" Y="-1778.723" Z="87.58926" />
    <Hotspot X="769.6378" Y="-1770.725" Z="88.24223" />
    <Hotspot X="812.0423" Y="-1744.426" Z="85.04388" />
    <Hotspot X="842.8277" Y="-1725.334" Z="82.72189" />
    <Hotspot X="882.8228" Y="-1755.339" Z="86.09492" />
    <Hotspot X="922.8179" Y="-1785.344" Z="82.48374" />
    <Hotspot X="926.6027" Y="-1788.183" Z="82.14201" />
    <Hotspot X="886.9172" Y="-1817.142" Z="94.2883" />
    <Hotspot X="855.0298" Y="-1840.41" Z="98.91198" />
    <Hotspot X="885.9816" Y="-1879.234" Z="93.01822" />
    <Hotspot X="916.9333" Y="-1918.057" Z="87.12447" />
    <Hotspot X="924.741" Y="-1927.85" Z="85.63776" />
    <Hotspot X="898.5024" Y="-1970.369" Z="90.30146" />
    <Hotspot X="878.1994" Y="-2003.27" Z="82.25224" />
    <Hotspot X="895.868" Y="-2045.088" Z="103.2067" />
    <Hotspot X="913.5367" Y="-2086.906" Z="125.2275" />
    <Hotspot X="936.5059" Y="-2141.269" Z="153.8546" />
    <Hotspot X="954.1746" Y="-2183.087" Z="175.8754" />
    <Hotspot X="956.3893" Y="-2188.329" Z="174.983" />
    <Hotspot X="1003.081" Y="-2206.156" Z="173.5368" />
    <Hotspot X="1049.772" Y="-2223.983" Z="172.0906" />
    <Hotspot X="1060.643" Y="-2228.134" Z="171.7539" />
    <Hotspot X="1100.806" Y="-2204.501" Z="175.5808" />
    <Hotspot X="1140.968" Y="-2180.869" Z="142.2169" />
    <Hotspot X="1155.588" Y="-2172.267" Z="128.9088" />
    <Hotspot X="1168.102" Y="-2125.326" Z="140.7401" />
    <Hotspot X="1176.066" Y="-2095.45" Z="148.2703" />
    <Hotspot X="1217.868" Y="-2116.082" Z="166.3507" />
    <Hotspot X="1246.81" Y="-2130.367" Z="178.8685" />
    <Hotspot X="1240.891" Y="-2178.893" Z="168.3726" />
    <Hotspot X="1234.972" Y="-2227.42" Z="157.8767" />
    <Hotspot X="1233.778" Y="-2237.212" Z="155.7587" />
    <Hotspot X="1281.678" Y="-2247.299" Z="166.1402" />
    <Hotspot X="1329.579" Y="-2257.386" Z="176.17" />
    <Hotspot X="1339.893" Y="-2259.558" Z="178.3297" />
    <Hotspot X="1389.552" Y="-2254.055" Z="182.6956" />
    <Hotspot X="1421.806" Y="-2250.48" Z="181.4992" />
    <Hotspot X="1399.387" Y="-2295.116" Z="180.1122" />
    <Hotspot X="1376.968" Y="-2339.752" Z="177.1327" />
    <Hotspot X="1373.403" Y="-2346.85" Z="176.6589" />
    <Hotspot X="1390.995" Y="-2393.643" Z="177.6497" />
    <Hotspot X="1408.587" Y="-2440.435" Z="179.5165" />
    <Hotspot X="1414.359" Y="-2455.79" Z="178.9656" />
    <Hotspot X="1389.135" Y="-2498.961" Z="179.0398" />
    <Hotspot X="1363.91" Y="-2542.131" Z="179.114" />
    <Hotspot X="1354.786" Y="-2557.747" Z="179.1408" />
    <Hotspot X="1365.63" Y="-2606.556" Z="183.9331" />
    <Hotspot X="1376.473" Y="-2655.366" Z="180.1783" />
    <Hotspot X="1380.849" Y="-2675.067" Z="178.6628" />
    <Hotspot X="1412.385" Y="-2636.307" Z="224.3071" />
    <Hotspot X="1443.921" Y="-2597.547" Z="231.5285" />
    <Hotspot X="1468.348" Y="-2567.524" Z="183.5951" />
    <Hotspot X="1483.52" Y="-2519.898" Z="184.0457" />
    <Hotspot X="1500.208" Y="-2467.51" Z="181.2105" />
    <Hotspot X="1503.719" Y="-2456.489" Z="180.614" />
    <Hotspot X="1505.395" Y="-2406.537" Z="182.0497" />
    <Hotspot X="1507.237" Y="-2351.591" Z="183.7126" />
    <Hotspot X="1507.443" Y="-2345.453" Z="183.8054" />
    <Hotspot X="1514.865" Y="-2296.032" Z="185.3707" />
    <Hotspot X="1522.288" Y="-2246.611" Z="187.0196" />
    <Hotspot X="1522.336" Y="-2246.29" Z="186.9461" />
    <Hotspot X="1514.597" Y="-2197.3" Z="193.276" />
    <Hotspot X="1507.443" Y="-2152.015" Z="199.1272" />
    <Hotspot X="1553.741" Y="-2170.892" Z="199.4806" />
    <Hotspot X="1600.039" Y="-2189.77" Z="199.834" />
    <Hotspot X="1635.898" Y="-2204.39" Z="200.1077" />
    <Hotspot X="1638.377" Y="-2254.137" Z="197.7471" />
    <Hotspot X="1639.621" Y="-2279.112" Z="193.5448" />
    <Hotspot X="1651.016" Y="-2332.733" Z="189.4252" />
    <Hotspot X="1660.099" Y="-2375.482" Z="185.5102" />
    <Hotspot X="1653.718" Y="-2425.069" Z="184.8861" />
    <Hotspot X="1647.336" Y="-2474.656" Z="184.2619" />
    <Hotspot X="1647.068" Y="-2476.74" Z="184.2357" />
    <Hotspot X="1695.08" Y="-2480.102" Z="197.783" />
    <Hotspot X="1743.092" Y="-2483.464" Z="211.3303" />
    <Hotspot X="1786.693" Y="-2486.517" Z="223.6328" />
    <Hotspot X="1832.116" Y="-2474.829" Z="249.0944" />
    <Hotspot X="1877.54" Y="-2463.142" Z="260.8397" />
    <Hotspot X="1895.255" Y="-2458.583" Z="265.0355" />
    <Hotspot X="1895.069" Y="-2507.198" Z="256.8502" />
    <Hotspot X="1894.884" Y="-2555.814" Z="243.658" />
    <Hotspot X="1894.681" Y="-2609.29" Z="229.1467" />
    <Hotspot X="1894.669" Y="-2612.217" Z="228.1083" />
    <Hotspot X="1947.975" Y="-2602.882" Z="235.1263" />
    <Hotspot X="1996.434" Y="-2594.396" Z="228.6723" />
    <Hotspot X="2026.263" Y="-2589.172" Z="203.8705" />
    <Hotspot X="2096.235" Y="-2565.694" Z="234.7354" />
    <Hotspot X="2139.968" Y="-2551.02" Z="254.026" />
    <Hotspot X="2155.303" Y="-2545.875" Z="260.7901" />
    <Hotspot X="2193.023" Y="-2531.726" Z="260.3817" />
    <Hotspot X="2230.743" Y="-2517.577" Z="210.8689" />
    <Hotspot X="2248.386" Y="-2510.958" Z="187.7096" />
    <Hotspot X="2278.3" Y="-2509.487" Z="166.0818" />
    <Hotspot X="2308.214" Y="-2508.015" Z="175.8694" />
    <Hotspot X="2341.12" Y="-2506.396" Z="186.6357" />
    <Hotspot X="2361.948" Y="-2505.372" Z="35.71769" />
    <Hotspot X="2329.679" Y="-2482.587" Z="181.2066" />
    <Hotspot X="2310.697" Y="-2469.184" Z="182.5177" />
    <Hotspot X="2298.651" Y="-2460.678" Z="183.3498" />
    <Hotspot X="2255.807" Y="-2439.633" Z="198.3798" />
    <Hotspot X="2220.461" Y="-2422.27" Z="210.5063" />
    <Hotspot X="2249.242" Y="-2381.539" Z="214.0609" />
    <Hotspot X="2261.418" Y="-2364.309" Z="215.5647" />
    <Hotspot X="2213.288" Y="-2357.229" Z="230.5476" />
    <Hotspot X="2166.473" Y="-2350.342" Z="238.3469" />
    <Hotspot X="2122.269" Y="-2369.89" Z="251.1464" />
    <Hotspot X="2078.064" Y="-2389.438" Z="265.2708" />
    <Hotspot X="2044.88" Y="-2404.114" Z="273.5544" />
    <Hotspot X="2029.216" Y="-2356.87" Z="280.741" />
    <Hotspot X="2021.263" Y="-2332.884" Z="280.7342" />
    <Hotspot X="1976.489" Y="-2311.401" Z="279.1267" />
    <Hotspot X="1941.211" Y="-2294.475" Z="270.3352" />
    <Hotspot X="1892.52" Y="-2303.959" Z="277.8806" />
    <Hotspot X="1844.405" Y="-2313.33" Z="282.7892" />
    <Hotspot X="1793.851" Y="-2305.604" Z="252.1474" />
    <Hotspot X="1751.722" Y="-2299.166" Z="225.3777" />
    <Hotspot X="1743.875" Y="-2297.967" Z="220.391" />
    <Hotspot X="1778.39" Y="-2266.741" Z="238.6576" />
    <Hotspot X="1807.171" Y="-2240.704" Z="253.8896" />
    <Hotspot X="1770.384" Y="-2194.071" Z="246.225" />
    <Hotspot X="1753.183" Y="-2172.267" Z="241.4261" />
    <Hotspot X="1751.137" Y="-2123.158" Z="232.253" />
    <Hotspot X="1749.459" Y="-2082.88" Z="224.7294" />
    <Hotspot X="1795.076" Y="-2064.213" Z="234.0491" />
    <Hotspot X="1831.373" Y="-2049.36" Z="239.8207" />
    <Hotspot X="1852.933" Y="-2093.842" Z="248.2012" />
    <Hotspot X="1874.494" Y="-2138.324" Z="255.2249" />
    <Hotspot X="1890.946" Y="-2172.267" Z="260.5843" />
    <Hotspot X="1944.55" Y="-2160.418" Z="266.6425" />
    <Hotspot X="1993.28" Y="-2149.646" Z="267.0897" />
    <Hotspot X="1995.2" Y="-2149.222" Z="267.1072" />
    <Hotspot X="2004.426" Y="-2198.109" Z="279.5095" />
    <Hotspot X="2010.093" Y="-2228.134" Z="275.1661" />
    <Hotspot X="2056.887" Y="-2244.851" Z="271.6355" />
    <Hotspot X="2103.681" Y="-2261.568" Z="266.1075" />
    <Hotspot X="2127.378" Y="-2270.033" Z="261.2452" />
    <Hotspot X="2147.078" Y="-2224.288" Z="259.2848" />
    <Hotspot X="2166.473" Y="-2179.25" Z="252.524" />
    <Hotspot X="2131.364" Y="-2143.651" Z="256.4196" />
    <Hotspot X="2096.255" Y="-2108.051" Z="256.8137" />
    <Hotspot X="2061.146" Y="-2072.452" Z="257.2078" />
    <Hotspot X="2047.326" Y="-2058.438" Z="251.7302" />
    <Hotspot X="1998.217" Y="-2049.054" Z="252.6603" />
    <Hotspot X="1949.108" Y="-2039.669" Z="250.9053" />
    <Hotspot X="1948.658" Y="-2039.583" Z="250.797" />
    <Hotspot X="1921.354" Y="-1997.857" Z="247.1371" />
    <Hotspot X="1898.393" Y="-1962.767" Z="244.0594" />
    <Hotspot X="1850.559" Y="-1948.964" Z="239.4324" />
    <Hotspot X="1802.725" Y="-1935.162" Z="234.8054" />
    <Hotspot X="1801.586" Y="-1934.834" Z="234.6952" />
    <Hotspot X="1838.86" Y="-1901.627" Z="231.8696" />
    <Hotspot X="1876.053" Y="-1868.492" Z="229.05" />
    <Hotspot X="1918.133" Y="-1895.42" Z="232.2163" />
    <Hotspot X="1960.213" Y="-1922.349" Z="234.2205" />
    <Hotspot X="1979.721" Y="-1934.834" Z="234.0604" />
    <Hotspot X="1987.467" Y="-1870.41" Z="232.2307" />
    <Hotspot X="1991.476" Y="-1837.067" Z="228.2746" />
    <Hotspot X="2030.456" Y="-1806.474" Z="234.9572" />
    <Hotspot X="2069.436" Y="-1775.881" Z="241.6398" />
    <Hotspot X="2108.415" Y="-1745.287" Z="248.3224" />
    <Hotspot X="2112.485" Y="-1742.094" Z="249.0201" />
    <Hotspot X="2144.609" Y="-1707.036" Z="264.4809" />
    <Hotspot X="2175.196" Y="-1673.657" Z="279.202" />
    <Hotspot X="2199.894" Y="-1716.15" Z="270.0168" />
    <Hotspot X="2209.291" Y="-1732.317" Z="266.5221" />
    <Hotspot X="2202.222" Y="-1781.566" Z="261.5684" />
    <Hotspot X="2196.26" Y="-1823.1" Z="257.3907" />
    <Hotspot X="2149.188" Y="-1838.38" Z="251.342" />
    <Hotspot X="2102.116" Y="-1853.661" Z="243.2619" />
    <Hotspot X="2099.453" Y="-1854.525" Z="242.7344" />
    <Hotspot X="2074.503" Y="-1897.854" Z="242.4176" />
    <Hotspot X="2049.553" Y="-1941.183" Z="242.184" />
    <Hotspot X="2049.188" Y="-1941.817" Z="242.0961" />
    <Hotspot X="2082.246" Y="-1979.018" Z="247.7494" />
    <Hotspot X="2115.304" Y="-2016.219" Z="254.026" />
    <Hotspot X="2132.963" Y="-2036.092" Z="254.3142" />
    <Hotspot X="2174.229" Y="-2007.864" Z="256.1195" />
    <Hotspot X="2196.26" Y="-1992.795" Z="253.541" />
    <Hotspot X="2245.756" Y="-1986.496" Z="250.3186" />
    <Hotspot X="2295.253" Y="-1980.196" Z="247.0963" />
    <Hotspot X="2300.513" Y="-1979.527" Z="246.7539" />
    <Hotspot X="2295.462" Y="-2029.167" Z="250.9628" />
    <Hotspot X="2291.205" Y="-2071.008" Z="252.6762" />
    <Hotspot X="2251.058" Y="-2100.731" Z="257.3525" />
    <Hotspot X="2220.461" Y="-2123.384" Z="256.562" />
    <Hotspot X="2250.332" Y="-2162.752" Z="253.2082" />
    <Hotspot X="2280.203" Y="-2202.121" Z="242.6741" />
    <Hotspot X="2289.343" Y="-2214.167" Z="239.024" />
    <Hotspot X="2332.319" Y="-2242.998" Z="222.8335" />
    <Hotspot X="2371.388" Y="-2269.209" Z="204.1385" />
    <Hotspot X="2386.149" Y="-2279.112" Z="197.0748" />
    <Hotspot X="2422.49" Y="-2309.984" Z="182.0329" />
    <Hotspot X="2449.446" Y="-2332.884" Z="170.8756" />
    <Hotspot X="2453.616" Y="-2288.743" Z="193.9896" />
    <Hotspot X="2457.785" Y="-2244.603" Z="217.1037" />
    <Hotspot X="2460.938" Y="-2211.228" Z="234.5806" />
    <Hotspot X="2508.322" Y="-2236.131" Z="218.2529" />
    <Hotspot X="2546.253" Y="-2256.067" Z="185.7818" />
    <Hotspot X="2600.326" Y="-2220.474" Z="191.6332" />
    <Hotspot X="2641.92" Y="-2193.094" Z="196.1343" />
    <Hotspot X="2662.953" Y="-2179.25" Z="198.4103" />
    <Hotspot X="2633.199" Y="-2139.7" Z="205.519" />
    <Hotspot X="2603.446" Y="-2100.15" Z="212.6278" />
    <Hotspot X="2594.656" Y="-2088.467" Z="214.7277" />
    <Hotspot X="2592.21" Y="-2018.634" Z="237.1383" />
    <Hotspot X="2641.742" Y="-2011.813" Z="237.0679" />
    <Hotspot X="2678.431" Y="-2006.762" Z="237.0157" />
    <Hotspot X="2694.65" Y="-2052.999" Z="227.0612" />
    <Hotspot X="2710.869" Y="-2099.236" Z="217.1066" />
    <Hotspot X="2715.665" Y="-2112.909" Z="214.163" />
  </Hotspots>
  <Blackspots>
    <!-- node is by a tower that bot can potentially get stuck at -->
    <Blackspot X="-654.3871" Y="-1504.79" Z="3.753713" Radius="10" />
  </Blackspots>
</HBProfile>
