﻿<!--
Created by Cisem
http://cisems.wordpress.com
-->

 <HBProfile>

   <Name>[A] [Q. Farm] Savage Leather in The Darkwood, Tol Barrad - Edit by Cisem</Name>
   <MinLevel>85</MinLevel>
   <MaxLevel>999</MaxLevel>
   
   <MinDurability>0.3</MinDurability>
   <MinFreeBagSlots>1</MinFreeBagSlots>
   
   <MailGrey>False</MailGrey>
   <MailWhite>False</MailWhite>
   <MailGreen>False</MailGreen>
   <MailBlue>False</MailBlue>
   <MailPurple>False</MailPurple>
   
   <SellGrey>True</SellGrey>
   <SellWhite>False</SellWhite>
   <SellGreen>False</SellGreen>
   <SellBlue>False</SellBlue>
   <SellPurple>False</SellPurple>
   
   <TargetElites>False</TargetElites>	
   
   <AvoidMobs>
   </AvoidMobs>
   
   <Blackspots>
   </Blackspots>
   
   <Mailboxes>
   </Mailboxes>
   
   <Vendors>
       <Vendor Name="Kevin Geissler" Entry="48251" Type="Repair" X="-373.8552" Y="1054.048" Z="21.93731" />
   </Vendors>
   
   <QuestOrder>
   <ClearVendor />
   <ClearMailbox />
   
   <While Condition="true" >
   <If Condition="((Me.FreeBagSlots &lt;= 10) || Me.LowestDurabilityPercent &gt; 20.0)" >
   
   <SetVendor>
   <Vendors>
   <Vendor Name="Kevin Geissler" Entry="48251" Type="Repair" X="-373.8552" Y="1054.048" Z="21.93731" />
   </Vendors>
   </SetVendor>
   
   <CustomBehavior File="Message" Text="Bags are geting full, running / flying to vendor and mail." LogColor="Lime" />
   <If Condition="SpellManager.HasSpell(&quot;Wisdom of the Four Winds&quot;)">
   <CustomBehavior File="FlyTo" X="-373.8552" Y="1054.048" Z="21.93731" />
   </If>
   <CustomBehavior File="ForceSetVendor" DoMail="True" DoRepair="True" DoSell="True" DoTrain="False" />
   </If>
   <If Condition="SpellManager.HasSpell(&quot;Wisdom of the Four Winds&quot;)">
   <CustomBehavior File="Message" Text="I´m in Pandaland, flying to farm location" LogColor="Lime" />
   <CustomBehavior File="FlyTo" X="-321.6913" Y="1351.651" Z="20.62983" />
   <CustomBehavior File="ForcedDismount" />
   </If>
   <If Condition="!SpellManager.HasSpell(&quot;Wisdom of the Four Winds&quot;)">
   <CustomBehavior File="Message" Text="I´m in Pandaland, I can not fly here, taking transport if avilable." LogColor="Lime" />
   <CustomBehavior File="ForcedDismount" />
   </If>
   <While Condition="(Me.FreeBagSlots &gt; 6) &amp;&amp; (Me.LowestDurabilityPercent &lt; 20.0)">
   
   <SetGrindArea>
   <GrindArea>
   <TargetMinLevel>85</TargetMinLevel>
   <TargetMaxLevel>87</TargetMaxLevel>
   <Factions>22</Factions>
   <MaxDistance>100</MaxDistance>
   <Hotspots>
<Hotspot X="-321.6913" Y="1351.651" Z="20.62983" />
<Hotspot X="-321.6913" Y="1351.651" Z="20.62983" />
<Hotspot X="-282.4288" Y="1338.591" Z="22.14675" />
<Hotspot X="-246.5173" Y="1356.344" Z="23.53032" />
<Hotspot X="-233.0652" Y="1395.426" Z="21.87856" />
<Hotspot X="-219.5879" Y="1434.177" Z="22.9074" />
<Hotspot X="-259.4645" Y="1441.857" Z="25.22587" />
<Hotspot X="-286.4145" Y="1410.253" Z="23.07642" />
<Hotspot X="-314.8994" Y="1380.405" Z="23.27754" />
   </Hotspots>
   </GrindArea>
   </SetGrindArea>
   
   <GrindTo Condition="(Me.FreeBagSlots &lt;= 6)" GoalText="Farming Leather" />
   <If condition="true">
   <While Condition="(HasItem(67495))" > <!-- Strange Bloated Stomach -->
   <CustomBehavior File="Misc\RunLua" Lua="UseItemByName(67495)" WaitTime="1000" />
   <CustomBehavior File="Message" Text="Open Plump Intestines" LogColor="Lime" />
   <CustomBehavior File="WaitTimer" WaitTime="1000" GoalText="Open Strange Bloated Stomach {TimeRemaining}" />
   </While>
   </If>
   </While>
   </While>
   </QuestOrder>
</HBProfile>