﻿<?xml version="1.0" encoding="utf-8"?>
<DungeonBuddyProfile xsi:noNamespaceSchemaLocation="../../DungeonbuddyProfile.xsd" xmlns:xsi="http://www.w3.org/2001/XMLSchema-instance">
  <Name>Upper Blackrock Spire</Name>
  <DungeonId>330</DungeonId>
  <BossEncounters>
    <!-- Clear all trash in the first hallway to the left to open door -->
    <Boss isFinal="false" entry="76413" name="Orebender Gor'ashan" killOrder="1" optional="false" X="144.5426" Y="-258.0315" Z="96.32333" />
    <Boss isFinal="false" entry="76021" name="Kyrak" killOrder="2" optional="false" X="77.59349" Y="-330.6225" Z="91.46045" />
    <Boss isFinal="true" entry="79912" name="Commander Tharbek" killOrder="3" optional="false" X="169.1132" Y="-419.7492" Z="110.4723" />
  </BossEncounters>
</DungeonBuddyProfile>