﻿<?xml version="1.0" encoding="utf-8"?>
<ClassProfile Class="Shaman" Specialization="1" Name="Shaman - Elemental">
	<TalentTree>
		<Talent Tier="1" Index="3" Name="Astral Shift" />
		<Talent Tier="2" Index="3" Name="Windwalk Totem" />
		<Talent Tier="3" Index="1" Name="Call of the Elements" />
		<Talent Tier="4" Index="3" Name="Echo of the Elements" />
		<Talent Tier="5" Index="2" Name="Ancestral Guidance" />
		<Talent Tier="6" Index="3" Name="Elemental Blast" />
	</TalentTree>
	<WeightSet>
		<Intellect>20</Intellect>
		<SpellPower>18</SpellPower>
		<Spirit>18</Spirit>
		<Hit>18</Hit>
		<Mastery>16</Mastery>
		<Haste>14</Haste>
		<CriticalStrike>12</CriticalStrike>
		<Stamina>5</Stamina>
		<Armor>0.01</Armor>
		<DamagePerSecond>0.01</DamagePerSecond>
	</WeightSet>
</ClassProfile>