<!--
Created by Cisem
http://www.cisem.se
-->

 <HBProfile>

   <Name>[N. Autoangler2] Fishing for Mimic Octopus in Krasarang Wilds by Cisem</Name>
   <MinLevel>1</MinLevel>
   <MaxLevel>999</MaxLevel>
   
   <MinDurability>0.3</MinDurability>
   <MinFreeBagSlots>1</MinFreeBagSlots>
   
   <MailGrey>False</MailGrey>
   <MailWhite>False</MailWhite>
   <MailGreen>False</MailGreen>
   <MailBlue>False</MailBlue>
   <MailPurple>False</MailPurple>
   
   <SellGrey>False</SellGrey>
   <SellWhite>False</SellWhite>
   <SellGreen>False</SellGreen>
   <SellBlue>False</SellBlue>
   <SellPurple>False</SellPurple>
   
    <Blackspots>
		<Blackspot X="-1817.635" Y="285.8988" Z="5.631539" Radius="200" />
		<Blackspot X="-1813.749" Y="1548.568" Z="17.73973" Radius="200" />
	</Blackspots>
   
   <Mailboxes>
   </Mailboxes>
   
   <Vendors>
   </Vendors>
   
   <FishingSchool Name="Giant Mantis Shrimp" Entry="212169"/>
   <FishingSchool Name="Reef Octopus" Entry="212174"/>
   
   <Hotspots>
		<Hotspot X="-1402.957" Y="2590.295" Z="10.99244" />
		<Hotspot X="-1433.884" Y="2561.2" Z="9.407314" />
		<Hotspot X="-1456.057" Y="2511.1" Z="22.62806" />
		<Hotspot X="-1481.289" Y="2459.959" Z="33.36435" />
		<Hotspot X="-1510.199" Y="2403.415" Z="28.70083" />
		<Hotspot X="-1538.983" Y="2347.771" Z="24.06267" />
		<Hotspot X="-1578.836" Y="2299.539" Z="19.7994" />
		<Hotspot X="-1613.811" Y="2268.966" Z="17.6811" />
		<Hotspot X="-1660.018" Y="2226.08" Z="14.66013" />
		<Hotspot X="-1702.834" Y="2179.632" Z="12.00898" />
		<Hotspot X="-1733.742" Y="2124.913" Z="10.46286" />
		<Hotspot X="-1760.73" Y="2067.818" Z="8.697608" />
		<Hotspot X="-1808.375" Y="2029.274" Z="5.736241" />
		<Hotspot X="-1864.72" Y="2050.719" Z="9.037455" />
		<Hotspot X="-1914.235" Y="2089.221" Z="5.682178" />
		<Hotspot X="-1964.202" Y="2123.275" Z="9.599004" />
		<Hotspot X="-2022.6" Y="2133.079" Z="18.33819" />
		<Hotspot X="-2082.416" Y="2119.163" Z="16.58052" />
		<Hotspot X="-2125.899" Y="2075.934" Z="9.468682" />
		<Hotspot X="-2153.549" Y="2023.897" Z="14.94456" />
		<Hotspot X="-2157.193" Y="1963.018" Z="10.27071" />
		<Hotspot X="-2126.129" Y="1907.798" Z="10.0124" />
		<Hotspot X="-2093.321" Y="1853.383" Z="8.863679" />
		<Hotspot X="-2060.941" Y="1799.742" Z="7.715373" />
		<Hotspot X="-2031.29" Y="1744.12" Z="5.080928" />
		<Hotspot X="-2000.952" Y="1691.729" Z="6.922876" />
		<Hotspot X="-1969.654" Y="1643.381" Z="18.2426" />
		<Hotspot X="-1975.734" Y="1591.147" Z="12.59067" />
		<Hotspot X="-2011.408" Y="1539.212" Z="10.92695" />
		<Hotspot X="-2037.825" Y="1482.436" Z="8.312278" />
		<Hotspot X="-2015.639" Y="1429.546" Z="14.18003" />
		<Hotspot X="-1977.927" Y="1387.247" Z="9.311839" />
		<Hotspot X="-2008.883" Y="1335.574" Z="10.86981" />
		<Hotspot X="-2048.384" Y="1286.403" Z="6.90788" />
		<Hotspot X="-2082.82" Y="1236.43" Z="10.32097" />
		<Hotspot X="-2117.975" Y="1189.357" Z="17.2991" />
		<Hotspot X="-2148.002" Y="1133.9" Z="14.10655" />
		<Hotspot X="-2128.544" Y="1074.274" Z="11.69388" />
		<Hotspot X="-2105.105" Y="1018.427" Z="17.54996" />
		<Hotspot X="-2089.961" Y="957.3257" Z="15.53859" />
		<Hotspot X="-2075.406" Y="896.0955" Z="13.50776" />
		<Hotspot X="-2049.391" Y="838.8428" Z="10.56301" />
		<Hotspot X="-2015.093" Y="789.239" Z="14.89966" />
		<Hotspot X="-1963.616" Y="755.5447" Z="10.4725" />
		<Hotspot X="-1908.008" Y="731.6006" Z="11.7853" />
		<Hotspot X="-1850.468" Y="704.3289" Z="11.45195" />
		<Hotspot X="-1796.379" Y="673.0228" Z="10.49913" />
		<Hotspot X="-1765.107" Y="618.3885" Z="8.162056" />
		<Hotspot X="-1734.166" Y="568.3026" Z="15.41274" />
		<Hotspot X="-1675.923" Y="549.9006" Z="12.18789" />
		<Hotspot X="-1636.972" Y="505.2917" Z="7.367378" />
		<Hotspot X="-1652.984" Y="448.5806" Z="9.792184" />
		<Hotspot X="-1689.504" Y="396.9586" Z="9.132045" />
		<Hotspot X="-1716.532" Y="340.2487" Z="7.700734" />
		<Hotspot X="-1706.798" Y="282.8596" Z="18.57691" />
		<Hotspot X="-1684.524" Y="228.825" Z="11.3776" />
		<Hotspot X="-1624.964" Y="231.096" Z="12.37547" />
		<Hotspot X="-1568.137" Y="209.0354" Z="10.97767" />
		<Hotspot X="-1517.798" Y="178.5471" Z="16.52402" />
		<Hotspot X="-1469.281" Y="138.8668" Z="13.30452" />
		<Hotspot X="-1453.263" Y="82.15446" Z="18.57416" />
		<Hotspot X="-1435.408" Y="32.99958" Z="36.33488" />
		<Hotspot X="-1395.706" Y="-13.36645" Z="23.72441" />
		<Hotspot X="-1353.811" Y="-40.97977" Z="49.59387" />
		<Hotspot X="-1314.821" Y="-90.49042" Z="41.88866" />
		<Hotspot X="-1279.367" Y="-142.5307" Z="36.10264" />
		<Hotspot X="-1243.966" Y="-194.4931" Z="30.32529" />
		<Hotspot X="-1223.511" Y="-252.527" Z="26.42082" />
		<Hotspot X="-1224.499" Y="-316.4448" Z="25.15289" />
		<Hotspot X="-1209.929" Y="-377.7168" Z="21.94868" />
		<Hotspot X="-1193.715" Y="-437.6382" Z="18.69555" />
		<Hotspot X="-1189.79" Y="-500.6063" Z="16.95127" />
		<Hotspot X="-1211.936" Y="-554.6238" Z="24.21944" />
		<Hotspot X="-1239.797" Y="-606.7023" Z="32.02312" />
		<Hotspot X="-1246.465" Y="-669.0377" Z="26.68769" />
		<Hotspot X="-1220.79" Y="-717.1465" Z="36.27036" />
		<Hotspot X="-1169.675" Y="-751.6021" Z="30.73925" />
		<Hotspot X="-1115.571" Y="-783.6313" Z="24.29737" />
		<Hotspot X="-1061.185" Y="-816.1758" Z="17.87655" />
		<Hotspot X="-1017.001" Y="-855.545" Z="20.24991" />
		<Hotspot X="-1005.757" Y="-915.9348" Z="14.77968" />
		<Hotspot X="-1010.952" Y="-978.2036" Z="9.25882" />
		<Hotspot X="-1036.667" Y="-1031.426" Z="13.73675" />
		<Hotspot X="-1056.813" Y="-1082.964" Z="23.16898" />
		<Hotspot X="-1042.968" Y="-1134.287" Z="38.94088" />
		<Hotspot X="-1061.88" Y="-1101.551" Z="24.14505" />
		<Hotspot X="-1082.662" Y="-1043.048" Z="20.36029" />
		<Hotspot X="-1114.963" Y="-989.6924" Z="23.44132" />
		<Hotspot X="-1150.821" Y="-938.4911" Z="27.25862" />
		<Hotspot X="-1174.485" Y="-879.8617" Z="28.312" />
		<Hotspot X="-1199.823" Y="-822.6736" Z="27.11055" />
		<Hotspot X="-1225.769" Y="-765.1442" Z="24.52903" />
		<Hotspot X="-1248.105" Y="-707.7566" Z="21.40372" />
		<Hotspot X="-1272.869" Y="-650.5254" Z="22.15758" />
		<Hotspot X="-1295.534" Y="-592.5419" Z="21.99465" />
		<Hotspot X="-1305.219" Y="-552.0374" Z="10.53566" />
		<Hotspot X="-1319.202" Y="-511.9666" Z="10.75704" />
		<Hotspot X="-1350.26" Y="-456.9588" Z="11.13463" />
		<Hotspot X="-1377.593" Y="-399.4796" Z="8.82445" />
		<Hotspot X="-1409.367" Y="-345.8107" Z="6.092486" />
		<Hotspot X="-1453.694" Y="-307.434" Z="10.76986" />
		<Hotspot X="-1513.942" Y="-298.4423" Z="13.49055" />
		<Hotspot X="-1561.664" Y="-263.4782" Z="20.80585" />
		<Hotspot X="-1588.687" Y="-210.3231" Z="23.86788" />
		<Hotspot X="-1548.614" Y="-166.0483" Z="19.14971" />
		<Hotspot X="-1497.355" Y="-131.2187" Z="17.8419" />
		<Hotspot X="-1466.962" Y="-80.68225" Z="15.2936" />
		<Hotspot X="-1469.457" Y="-19.27074" Z="14.05009" />
		<Hotspot X="-1494.231" Y="32.45943" Z="15.37826" />
		<Hotspot X="-1550.562" Y="53.20809" Z="20.90764" />
		<Hotspot X="-1605.91" Y="76.81406" Z="17.60679" />
		<Hotspot X="-1635.755" Y="129.8792" Z="17.27586" />
		<Hotspot X="-1677.558" Y="175.23" Z="16.72127" />
		<Hotspot X="-1720.887" Y="218.2578" Z="16.88058" />
		<Hotspot X="-1764.185" Y="261.022" Z="17.8484" />
		<Hotspot X="-1806.483" Y="302.49" Z="21.84749" />
		<Hotspot X="-1850.353" Y="344.3768" Z="22.71613" />
		<Hotspot X="-1895.669" Y="387.6438" Z="22.00902" />
		<Hotspot X="-1928.273" Y="437.416" Z="16.90149" />
		<Hotspot X="-1877.481" Y="468.5255" Z="12.19824" />
		<Hotspot X="-1820.731" Y="487.6835" Z="17.01865" />
		<Hotspot X="-1762.988" Y="506.0103" Z="14.90299" />
		<Hotspot X="-1759.656" Y="548.5829" Z="20.48815" />
		<Hotspot X="-1801.944" Y="595.6533" Z="20.33679" />
		<Hotspot X="-1843.636" Y="643.7413" Z="20.50346" />
		<Hotspot X="-1890.364" Y="684.5767" Z="19.50897" />
		<Hotspot X="-1947.53" Y="712.394" Z="16.98704" />
		<Hotspot X="-2007.308" Y="729.7881" Z="14.21443" />
		<Hotspot X="-2068.742" Y="719.7012" Z="11.52188" />
		<Hotspot X="-2122.388" Y="686.8687" Z="8.39767" />
		<Hotspot X="-2173.854" Y="649.5513" Z="4.624562" />
		<Hotspot X="-2221.757" Y="610.5868" Z="5.395544" />
		<Hotspot X="-2268.811" Y="572.9727" Z="8.877576" />
		<Hotspot X="-2324.68" Y="563.9129" Z="7.850775" />
		<Hotspot X="-2375.271" Y="596.0945" Z="13.84642" />
		<Hotspot X="-2417.065" Y="616.977" Z="13.35749" />
		<Hotspot X="-2468.554" Y="582.3447" Z="14.18687" />
		<Hotspot X="-2529.563" Y="562.9335" Z="10.97497" />
		<Hotspot X="-2589.751" Y="543.48" Z="8.655555" />
		<Hotspot X="-2651.597" Y="539.5853" Z="6.804963" />
		<Hotspot X="-2709.655" Y="563.8884" Z="3.676755" />
		<Hotspot X="-2737.031" Y="614.0945" Z="14.65957" />
		<Hotspot X="-2763.201" Y="670.8779" Z="11.23537" />
		<Hotspot X="-2792.454" Y="724.9211" Z="10.59104" />
		<Hotspot X="-2819.222" Y="779.5991" Z="10.54568" />
		<Hotspot X="-2801.633" Y="833.2092" Z="13.6921" />
		<Hotspot X="-2765.234" Y="883.4681" Z="10.4993" />
		<Hotspot X="-2757.21" Y="943.2396" Z="16.92435" />
		<Hotspot X="-2734.419" Y="1001.287" Z="14.18401" />
		<Hotspot X="-2697.358" Y="1052.25" Z="12.20376" />
		<Hotspot X="-2658.976" Y="1102.227" Z="9.749867" />
		<Hotspot X="-2603.871" Y="1126.417" Z="12.60745" />
		<Hotspot X="-2544.629" Y="1141.238" Z="14.94937" />
		<Hotspot X="-2481.713" Y="1144.642" Z="11.62672" />
		<Hotspot X="-2418.362" Y="1147.302" Z="9.135515" />
		<Hotspot X="-2354.997" Y="1150.32" Z="6.857793" />
		<Hotspot X="-2295.255" Y="1162.71" Z="12.72618" />
		<Hotspot X="-2234.835" Y="1179.236" Z="12.66154" />
		<Hotspot X="-2177.316" Y="1206.394" Z="8.519462" />
		<Hotspot X="-2126.043" Y="1238.253" Z="13.89142" />
		<Hotspot X="-2078.338" Y="1278.083" Z="12.96744" />
		<Hotspot X="-2033.242" Y="1323.713" Z="13.79981" />
		<Hotspot X="-1991.815" Y="1371.074" Z="15.39665" />
	</Hotspots>
</HBProfile>