﻿<?xml version="1.0" encoding="utf-8" ?>
<DungeonBuddyProfile>
  <Name>Blackfathom Deeps</Name>
  <DungeonId>10</DungeonId>
  <BossEncounters>
    <Boss isFinal="false" entry="4887" name="Ghamoo-Ra" killOrder="1" optional="false" X="-447.1551" Y="219.4487" Z="-53.03698"/>
		<Boss isFinal="false" entry="74476" name="Domina" killOrder="2" optional="true" X="-334.2629" Y="409.7831" Z="-54.33198"/>
		<Boss isFinal="false" entry="74565" name="Subjugator Kor'ul" killOrder="3" optional="true" X="-422.843" Y="23.1925" Z="-48.16473"/>
		<Boss isFinal="false" entry="74505" name="Thruk" killOrder="4" stage="1" step="2" optional="false" X="-746.11" Y="8.03488" Z="-30.03302"/>
		<Boss isFinal="false" entry="74508" name="Guardian of the Deep" killOrder="5" optional="true" X="-744.3472" Y="-164.8168" Z="-50.84573"/>
		<Boss isFinal="false" entry="74518" name="Executioner Gore" killOrder="6" stage="1" step="3" optional="false" X="-771.5732" Y="-57.68002" Z="-29.93119"/>
		<Boss isFinal="false" entry="74728" name="Twilight Lord Bathiel" killOrder="7" stage="1" step="4" optional="false" X="-818.7871" Y="-150.0825" Z="-25.90155"/>
		<Boss isFinal="true" entry="75155" name="Aku'mai the Devourer" killOrder="8" stage="1" step="5" optional="false" X="-848.6296" Y="-462.1695" Z="-34.01553"/>
  </BossEncounters>
  <Blackspots>
    <!-- Temp Blackspot for when I come acrossed them
    <Blackspot X="-101.3791" Y="-703.8368" Z="9.095623" Radius="3.363508" />-->
  </Blackspots>
</DungeonBuddyProfile>
