﻿<?xml version="1.0" encoding="utf-8"?>
<WeightSet Class="Paladin" Specialization="2" Name="Paladin-Protection">
  <DPS>22</DPS>
  <Strength>20</Strength>  
  <Stamina>20</Stamina>
  <HitRating>18</HitRating>
  <ExpertiseRating>17</ExpertiseRating>
  <HasteRating>16</HasteRating>
  <Mastery>14</Mastery>
  <DodgeRating>12</DodgeRating>
  <ParryRating>12</ParryRating>
  <AttackPower>10</AttackPower>

	<!-- Those are for low level characters -->
	<Armor>0.01</Armor>
</WeightSet>
<!-- Updated 11/20/13 -->