﻿<?xml version="1.0" encoding="utf-8" ?>

<DungeonBuddyProfile>
  <Name>Heroic Bloodmaul Slag Mines</Name>
  <DungeonId>859</DungeonId>
  <BossEncounters>
    <Boss isFinal="false" entry="74366" name="Forgemaster Gog'duh"
          killOrder="1" stage="1" step="1" optional="false" X="2081.903" Y="114.3802" Z="224.8283"/>
    
    <Boss isFinal="false" entry="74475" name="Magmolatus"
          killOrder="1" stage="1" step="1" optional="false" X="2081.903" Y="114.3802" Z="224.8283"/>

    <Boss isFinal="false" entry="74787" name="Slave Watcher Crushto"
          killOrder="2" stage="1" step="2" optional="false" X="2038.233" Y="-365.8993" Z="-223.1948"/>

    <Boss isFinal="false" entry="75786" name="Roltall"  
      killOrder="3" stage="1" step="3" optional="false" X="2300.788" Y="-211.6719" Z="211.412"/>

      <Boss isFinal="true" entry="74790" name="Gug'rokk"
          killOrder="4" stage="1" step="4" optional="false" X="2388.578" Y="-475.184" Z="198.7632"/>
    
  </BossEncounters>
  <Blackspots>
  </Blackspots>
  <PullBlackspots>
  </PullBlackspots>
</DungeonBuddyProfile>