﻿<?xml version="1.0" encoding="utf-8"?>
<ClassProfile Class="DeathKnight" Specialization="1" Name="Death Knight - Blood">
  <TalentTree>
    <Talent Tier="1" Index="1" Name="Rolling Blood" />
    <Talent Tier="2" Index="1" Name="Lichborne" />
    <Talent Tier="3" Index="3" Name="Asphyxiate" />
    <Talent Tier="4" Index="1" Name="Death Pact" />
    <Talent Tier="5" Index="1" Name="Blood Tap" />
    <Talent Tier="6" Index="2" Name="Remorseless Winter" />
  </TalentTree>
  <WeightSet>
    <DamagePerSecond>22</DamagePerSecond>
    <Strength>18</Strength>
    <Stamina>18</Stamina>
    <Parry>15</Parry>
    <Dodge>15</Dodge>
    <Mastery>20</Mastery>
    <Hit>15</Hit>
    <Expertise>14</Expertise>
    <AttackPower>10</AttackPower>
    <Armor>0.01</Armor>
  </WeightSet>
</ClassProfile>