﻿<?xml version="1.0" encoding="utf-8"?>
<ClassProfile Class="Hunter" Specialization="2" Name="Hunter - Marksmanship">
  <TalentTree>
    <Talent Tier="1" Index="1" Name="Posthaste" />
    <Talent Tier="2" Index="3" Name="Intimidation" />
    <Talent Tier="3" Index="3" Name="Spirit Bond" />
    <Talent Tier="4" Index="3" Name="Thrill of the Hunt" />
    <Talent Tier="5" Index="2" Name="Blink Strikes" />
    <Talent Tier="6" Index="1" Name="Glaive Toss" />
  </TalentTree>
  <WeightSet>
    <DamagePerSecond>22</DamagePerSecond>
    <Agility>20</Agility>
    <Hit>18</Hit>
    <Expertise>18</Expertise>
    <CriticalStrike>16</CriticalStrike>
    <Haste>14</Haste>
    <Mastery>12</Mastery>
    <AttackPower>10</AttackPower>
    <Armor>0.01</Armor>
  </WeightSet>
</ClassProfile>