﻿<?xml version="1.0" encoding="utf-8"?>
<WeightSet Class="Druid" Specialization="3" Name="Druid-Guardian">
  <DPS>22</DPS>
  <Stamina>21</Stamina>
  <Agility>20</Agility>
  <HitRating>18</HitRating>
  <ExpertiseRating>18</ExpertiseRating>
  <CriticalStrikeRating>16</CriticalStrikeRating>
  <HasteRating>14</HasteRating>
  <Mastery>12</Mastery>
  <DodgeRating>11</DodgeRating>
  <AttackPower>10</AttackPower>

	<!-- Those are for low level characters -->
	<Armor>0.01</Armor>
</WeightSet>
<!-- Updated 11/20/13 -->