﻿<?xml version="1.0" encoding="utf-8"?>
<ClassProfile Class="Mage" Specialization="2" Name="Mage - Fire">
	<TalentTree>
		<Talent Tier="1" Index="1" Name="Presence of Mind" />
		<Talent Tier="2" Index="3" Name="Ice Barrier" />
		<Talent Tier="3" Index="2" Name="Ice Ward" />
		<Talent Tier="4" Index="3" Name="Cold Snap" />
		<Talent Tier="5" Index="2" Name="Living Bomb" />
		<Talent Tier="6" Index="3" Name="Incanter's Ward" />
	</TalentTree>
	<WeightSet>
		<DamagePerSecond>0.01</DamagePerSecond>
		
		<Intellect>20</Intellect>
		<Stamina>5</Stamina>

		<CriticalStrike>16</CriticalStrike>
		<Mastery>15</Mastery>
		<Multistrike>13</Multistrike>
		<Haste>13</Haste>
		<Versatility>12</Versatility>
		<SpellPower>9</SpellPower>

		<Armor>0.01</Armor>
	</WeightSet>
</ClassProfile>