﻿<?xml version="1.0" encoding="utf-8"?>
<ClassProfile Class="Shaman" Specialization="2" Name="Shaman - Enhancement">
	<TalentTree>
		<Talent Tier="1" Index="3" Name="Astral Shift" />
		<Talent Tier="2" Index="3" Name="Windwalk Totem" />
		<Talent Tier="3" Index="1" Name="Call of the Elements" />
		<Talent Tier="4" Index="3" Name="Echo of the Elements" />
		<Talent Tier="5" Index="2" Name="Ancestral Guidance" />
		<Talent Tier="6" Index="1" Name="Unleashed Fury" />
	</TalentTree>
	<WeightSet>
		<DamagePerSecond>22</DamagePerSecond>
		
		<Agility>20</Agility>
		<Stamina>5</Stamina>

		<Haste>16</Haste>
		<Mastery>15</Mastery>
		<Multistrike>13</Multistrike>
		<Versatility>12</Versatility>
		<CriticalStrike>11</CriticalStrike>
		<AttackPower>2.5</AttackPower>
		
		<Armor>0.01</Armor>
	</WeightSet>
</ClassProfile>