﻿<?xml version="1.0" encoding="utf-8" ?>
<DungeonBuddyProfile>
  <Name>Greenstone Village</Name>
  <DungeonId>492</DungeonId>
  <BossEncounters>
    <Boss isFinal="true" entry="61156" name="Vengeful Hui" killOrder="1" optional="false" X="2228.099" Y="-1883.991" Z="223.0198"/>
  </BossEncounters>
  <Blackspots>
    <!-- Temp Blackspot for when I come acrossed them
    <Blackspot X="-101.3791" Y="-703.8368" Z="9.095623" Radius="3.363508" />-->
  </Blackspots>
  <PullBlackspots>

  </PullBlackspots>
</DungeonBuddyProfile>